:020000040800F2
:1000000000000120CD150008BD140008C51400082B
:10001000CD140008D5140008DD140008000000000D
:10002000000000000000000000000000C1480008BF
:10003000E51400080000000051490008E914000818
:100040001D1600081D1600081D1600081D160008C4
:100050001D1600081D1600081D1600081D160008B4
:100060001D1600081D1600081D1600081D160008A4
:100070001D1600081D1600081D1600081D16000894
:100080001D1600081D1600081D1600081D16000884
:100090001D1600081D1600081D1600081D16000874
:1000A0001D1600081D1600081D1600081D16000864
:1000B0001D16000800000000000000001D160008CA
:1000C0001D16000800000000000000001D160008BA
:1000D000000000001D1600081D16000800000000AA
:1000E0001D1600081D16000800000000000000009A
:1000F0000000000000000000000000000000000000
:100100000000000000000000000000001D160008B4
:1001100000000000000000001D1600081D16000869
:100120001D1600081D1600081D1600081D160008E3
:100130001D16000800000000000000000000000084
:100140001D1600081D1600081D1600081D160008C3
:100150001D1600081D1600081D1600081D160008B3
:100160001D1600081D1600081D16000800000000DE
:100170001D1600081D160008000000000000000009
:0C0180001D1600081D1600081D160008C2
:1001C00053B94AB9002908BF00281CBF4FF0FF31BE
:1001D0004FF0FF3000F00CB8ADF1080C6DE904CE23
:1001E00006F07EFFDDF804E0DDE9022304B070478D
:1001F000704700BF844641EA000313F003036DD14A
:10020000403A41D351F8043B40F8043B51F8043BD9
:1002100040F8043B51F8043B40F8043B51F8043BE0
:1002200040F8043B51F8043B40F8043B51F8043BD0
:1002300040F8043B51F8043B40F8043B51F8043BC0
:1002400040F8043B51F8043B40F8043B51F8043BB0
:1002500040F8043B51F8043B40F8043B51F8043BA0
:1002600040F8043B51F8043B40F8043B51F8043B90
:1002700040F8043B51F8043B40F8043B51F8043B80
:1002800040F8043B403ABDD2303211D351F8043B20
:1002900040F8043B51F8043B40F8043B51F8043B60
:1002A00040F8043B51F8043B40F8043B103AEDD2CF
:1002B0000C3205D351F8043B40F8043B043AF9D220
:1002C000043208D0D2071CBF11F8013B00F8013BF3
:1002D00001D30B8803806046704700BF082A13D300
:1002E0008B078DD010F003038AD0C3F10403D21A18
:1002F000DB071CBF11F8013B00F8013B80D331F84C
:10030000023B20F8023B7BE7043AD9D3013A11F8CB
:10031000013B00F8013BF9D20B7803704B78437036
:100320008B7883706046704700000000000000007A
:1003300001F0FF01102A2BDB10F0070F08D010F896
:10034000013B013A8B422DD010F0070F42B3F6D19A
:10035000F0B441EA012141EA014122F007047FF0B3
:1003600000070023F0E80256083C85EA010586EA0A
:10037000010685FA47F5A3FA87F586FA47F6A5FA46
:1003800087F68EB9EED1F0BC01F0FF0102F0070252
:1003900032B110F8013B013A83EA010313B1F8D1FD
:1003A0000020704701387047002D06BF35460338DE
:1003B000073815F0010F07D1013015F4807F02BF17
:1003C000013015F4C03F0130F0BC0138704700BF68
:1003D000000000000000000000000000000000001D
:1003E000000000000000000000000000000000000D
:1003F00000000000000000000000000000000000FD
:1004000030B490F800F020F007016FF0000C10F00D
:10041000070491F820F040F048804FF000046FF09E
:100420000700D1E9002391F840F000F1080082FABA
:100430004CF2A4FA8CF283FA4CF3A2FA8CF34BBB85
:10044000D1E9022382FA4CF200F10800A4FA8CF2FE
:1004500083FA4CF3A2FA8CF3E3B9D1E9042382FACC
:100460004CF200F10800A4FA8CF283FA4CF3A2FAE1
:100470008CF37BB9D1E9062301F1200182FA4CF219
:1004800000F10800A4FA8CF283FA4CF3A2FA8CF380
:10049000002BC6D0002A04BF04301A4612BAB2FAA2
:1004A00082F200EBD20030BC7047D1E9002304F0A7
:1004B0000305C4F100004FEAC50514F0040F91F8DC
:1004C00040F00CFA05F562EA05021CBF63EA050379
:1004D00062464FF00004AAE781F0004102E000BF4D
:1004E00083F0004330B54FEA41044FEA430594EAF4
:1004F000050F08BF90EA020F1FBF54EA000C55EA2F
:10050000020C7FEA645C7FEA655C00F0E2804FEAFF
:100510005454D4EB5555B8BF6D420CDD2C4480EAE1
:10052000020281EA030382EA000083EA010180EA11
:10053000020281EA0303362D88BF30BD11F0004F5F
:100540004FEA01314FF4801C4CEA113102D0404295
:1005500061EB410113F0004F4FEA03334CEA1333D0
:1005600002D0524263EB430394EA050F00F0A780E8
:10057000A4F10104D5F1200E0DDB02FA0EFC22FAE3
:1005800005F2801841F1000103FA0EF2801843FAD7
:1005900005F359410EE0A5F120050EF1200E012AC8
:1005A00003FA0EFC28BF4CF0020C43FA05F3C01806
:1005B00051EBE37101F0004507D54FF0000EDCF17F
:1005C000000C7EEB00006EEB0101B1F5801F1BD328
:1005D000B1F5001F0CD349085FEA30004FEA3C0C2C
:1005E00004F101044FEA445212F5800F80F09A8022
:1005F000BCF1004F08BF5FEA500C50F1000041EB26
:10060000045141EA050130BD5FEA4C0C404141EB29
:100610000101013C28BFB1F5801FE9D291F0000F24
:1006200004BF01460020B1FA81F308BF2033A3F1D3
:100630000B03B3F120020CDA0C3208DD02F1140CCA
:10064000C2F10C0201FA0CF021FA02F10CE002F105
:100650001402D8BFC2F1200C01FA02F120FA0CFCFE
:10066000DCBF41EA0C019040E41AA2BF01EB045147
:10067000294330BD6FEA04041F3C1CDA0C340EDC45
:1006800004F11404C4F1200220FA04F001FA02F388
:1006900040EA030021FA04F345EA030130BDC4F146
:1006A0000C04C4F1200220FA02F001FA04F340EA3B
:1006B0000300294630BD21FA04F0294630BD94F0EC
:1006C000000F83F4801306BF81F480110134013DD3
:1006D0004EE77FEA645C18BF7FEA655C29D094EA44
:1006E000050F08BF90EA020F05D054EA000C04BFC2
:1006F0001946104630BD91EA030F1EBF00210020AD
:1007000030BD5FEA545C05D14000494128BF41F04B
:10071000004130BD14F580043CBF01F5801130BDAF
:1007200001F0004545F0FE4141F470014FF000003A
:1007300030BD7FEA645C1ABF194610467FEA655CEB
:100740001CBF0B46024650EA013406BF52EA03358D
:1007500091EA030F41F4002130BD00BF90F0000F7B
:1007600004BF0021704730B54FF4806404F13204B7
:100770004FF000054FF0000150E700BF90F0000F70
:1007800004BF0021704730B54FF4806404F1320497
:1007900010F0004548BF40424FF000013EE700BF67
:1007A00042004FEAE2014FEA31014FEA02701FBFF7
:1007B00012F07F4393F07F4F81F06051704732F029
:1007C0007F4208BF704793F07F4F04BF41F4002180
:1007D000704730B54FF4607401F0004521F00041DE
:1007E0001CE700BF50EA010208BF704730B54FF068
:1007F00000050AE050EA010208BF704730B511F069
:10080000004502D5404261EB41014FF4806404F1A0
:1008100032045FEA915C3FF4D8AE4FF003025FEA26
:10082000DC0C18BF03325FEADC0C18BF033202EBAA
:10083000DC02C2F1200300FA03FC20FA02F001FA04
:1008400003FE40EA0E0021FA02F11444BDE600BFA7
:1008500070B54FF0FF0C4CF4E06C1CEA11541DBF56
:100860001CEA135594EA0C0F95EA0C0F00F0DEF821
:100870002C4481EA030621EA4C5123EA4C5350EA06
:10088000013518BF52EA033541F4801143F4801357
:1008900038D0A0FB02CE4FF00005E1FB02E506F0E8
:1008A0000042E0FB03E54FF00006E1FB03569CF03D
:1008B000000F18BF4EF0010EA4F1FF04B6F5007F43
:1008C00064F5407404D25FEA4E0E6D4146EB0606B5
:1008D00042EAC62141EA55514FEAC52040EA5E503E
:1008E0004FEACE2EB4F1FD0C88BFBCF5E06F1ED8E8
:1008F000BEF1004F08BF5FEA500E50F1000041EB1F
:10090000045170BD06F0004646EA010140EA0200CB
:1009100081EA0301B4EB5C04C2BFD4EB0C0541EAED
:10092000045170BD41F480114FF0000E013C00F302
:10093000AB8014F1360FDEBF002001F0004170BD26
:10094000C4F10004203C35DA0C341BDC04F114043F
:10095000C4F1200500FA05F320FA04F001FA05F2CB
:1009600040EA020001F0004221F0004110EBD37098
:1009700021FA04F642EB06015EEA430E08BF20EAC4
:10098000D37070BDC4F10C04C4F1200500FA04F367
:1009900020FA05F001FA04F240EA020001F00041F9
:1009A00010EBD37041F100015EEA430E08BF20EA6C
:1009B000D37070BDC4F1200500FA05F24EEA020EB4
:1009C00020FA04F301FA05F243EA020321FA04F0E3
:1009D00001F0004121FA04F220EA020000EBD3709A
:1009E0005EEA430E08BF20EAD37070BD94F0000F9A
:1009F0000FD101F00046400041EB010111F4801FCE
:100A000008BF013CF7D041EA060195F0000F18BF7E
:100A1000704703F00046520043EB030313F4801FBA
:100A200008BF013DF7D043EA0603704794EA0C0F74
:100A30000CEA135518BF95EA0C0F0CD050EA41068A
:100A400018BF52EA4306D1D181EA030101F0004107
:100A50004FF0000070BD50EA410606BF104619462F
:100A600052EA430619D094EA0C0F02D150EA01363B
:100A700013D195EA0C0F05D152EA03361CBF10467C
:100A800019460AD181EA030101F0004141F0FE411B
:100A900041F470014FF0000070BD41F0FE4141F49F
:100AA000780170BD70B54FF0FF0C4CF4E06C1CEA9F
:100AB00011541DBF1CEA135594EA0C0F95EA0C0F54
:100AC00000F0A7F8A4EB050481EA030E52EA03350F
:100AD0004FEA013100F088804FEA03334FF0805530
:100AE00045EA131343EA12634FEA022245EA11155D
:100AF00045EA10654FEA00260EF000419D4208BF0E
:100B0000964244F1FD0404F5407402D25B084FEABA
:100B10003202B61A65EB03055B084FEA32024FF466
:100B200080104FF4002CB6EB020E75EB030E22BFC3
:100B3000B61A754640EA0C005B084FEA3202B6EB83
:100B4000020E75EB030E22BFB61A754640EA5C0032
:100B50005B084FEA3202B6EB020E75EB030E22BFC2
:100B6000B61A754640EA9C005B084FEA3202B6EBC3
:100B7000020E75EB030E22BFB61A754640EADC0082
:100B800055EA060E18D04FEA051545EA16754FEAE4
:100B900006164FEAC30343EA52734FEAC2025FEA02
:100BA0001C1CC0D111F4801F0BD141EA00014FF091
:100BB00000004FF0004CB6E711F4801F04BF014362
:100BC0000020B4F1FD0C88BFBCF5E06F3FF6AFAE7E
:100BD000B5EB030C04BFB6EB020C5FEA500C50F10E
:100BE000000041EB045170BD0EF0004E4EEA113191
:100BF00014EB5C04C2BFD4EB0C0541EA045170BD98
:100C000041F480114FF0000E013C90E645EA060EDB
:100C10008DE60CEA135594EA0C0F08BF95EA0C0F09
:100C20003FF43BAF94EA0C0F0AD150EA01347FF451
:100C300034AF95EA0C0F7FF425AF104619462CE728
:100C400095EA0C0F06D152EA03353FF4FDAE10468B
:100C5000194622E750EA410618BF52EA43067FF4DC
:100C6000C5AE50EA41047FF40DAF52EA43057FF46C
:100C7000EBAE12E74FF0FF3C06E000BF4FF0010C77
:100C800002E000BF4FF0010C4DF804CD4FEA410CDB
:100C90007FEA6C5C4FEA430C18BF7FEA6C5C1BD0A8
:100CA00001B050EA410C0CBF52EA430C91EA030F29
:100CB00002BF90EA020F0020704710F1000F91EA86
:100CC000030F58BF994208BF90422CBFD8176FEA54
:100CD000E37040F0010070474FEA410C7FEA6C5C22
:100CE00002D150EA013C07D14FEA430C7FEA6C5C29
:100CF000D6D152EA033CD3D05DF8040B704700BF55
:100D00008446104662468C461946634600E000BFA2
:100D100001B5FFF7B7FF002848BF10F1000F01BD74
:100D20004DF808EDFFF7F4FF0CBF012000205DF83F
:100D300008FB00BF4DF808EDFFF7EAFF34BF0120C4
:100D400000205DF808FB00BF4DF808EDFFF7E0FF5D
:100D500094BF012000205DF808FB00BF4DF808EDAE
:100D6000FFF7CEFF94BF012000205DF808FB00BF15
:100D70004DF808EDFFF7C4FF34BF012000205DF8F7
:100D800008FB00BF4FEA410C7FEA6C5C02D150EADD
:100D9000013C0AD14FEA430C7FEA6C5C02D152EA73
:100DA000033C02D14FF0000070474FF00100704744
:100DB0004FEA410212F5001215D211D56FF4787383
:100DC000B3EB625212D94FEAC12343F0004343EA26
:100DD000505311F0004F23FA02F018BF4042704701
:100DE0004FF00000704750EA013005D111F000408B
:100DF00008BF6FF0004070474FF00000704700BF21
:100E00000348044B834202D0034B03B11847704799
:100E10000C0700200C070020000000000548064BCE
:100E20001B1AD90F01EBA301491002D0034B03B1E8
:100E3000184770470C0700200C0700200000000036
:100E400010B5064C237843B9FFF7DAFF044B13B112
:100E50000448AFF300800123237010BD1007002069
:100E60000000000020D7000808B5054B1BB105495C
:100E70000548AFF30080BDE80840FFF7CFBF00BFD3
:100E8000000000001407002020D7000810B5044619
:100E90000848218806F08EF8204605F001FE044639
:100EA0002146054806F086F8A0B2BDE8104000F0E3
:100EB000D9B800BF38D7000854D7000838B5044661
:100EC0000F48218806F076F80E4BA1785A7E8A42A8
:100ED00006D093F821200C48BDE8384006F06AB8E7
:100EE0002579E47809482946224606F063F8042D5E
:100EF00000D038BD2046BDE8384000F0ABB800BF98
:100F00007CD70008B0DC0008C8D7000894D70008D8
:100F1000704700BF704700BF704700BF704700BFF9
:100F2000704700BF704700BF704700BF704700BFE9
:100F3000064A07491378074848604FF0000C43F011
:100F40001003A1F802C01370704700BF34070020DF
:100F50003C070020B80B0102014B1888704700BF06
:100F60003C070020064BDA783AB9B0F57A7F86BFA5
:100F70004FF47A721A8018807047024806F01AB847
:100F80003C07002000D80008014B9879704700BF4B
:100F90003C070020024B187800F00100704700BFAA
:100FA00034070020024B1878C0F34000704700BFA0
:100FB00034070020024B1A7860F341021A70704720
:100FC00034070020024B1878C0F38000704700BF40
:100FD0003407002010B5054C05482178C1F3C00145
:100FE00005F0E8FF2078C0F3C00010BD34070020F2
:100FF0001CD80008044B1A7800F0010161F3C30209
:1010000002481A7005F0D6BF3407002038D800080F
:10101000024B1878C0F30010704700BF340700205F
:10102000024B1A7860F304121A70704734070020DC
:10103000014B1868704700BF30070020014B186053
:10104000704700BF30070020014B1880704700BF79
:101050002C070020024B1A7860F345121A70704773
:101060003407002010B506490446064805F0A2FFE3
:101070002046FFF777FF0020FFF7BCFF012010BDDF
:1010800068D8000854D8000808B5012003F034FBE4
:10109000FBE700BF38B572B60B4C002501214FF0BD
:1010A000904001F0BFF8A4FB0530400800EB400081
:1010B000281A80B200EB800040000130013500F0BA
:1010C00053FFADB2EAE700BFABAAAAAA00B599B038
:1010D0004422002106A806F06FFA00234FF40070A6
:1010E000CDE90033CDE90233049301F0BDF8F8B93E
:1010F0001821034601220DEB0100069160210E919B
:101100000B920C920D93109301F08EF9014678B971
:101110000F220023CDE90023684600220023CDE9F9
:101120000223049101F08AFC10B919B05DF804FBA8
:10113000FFF7B0FF70B500248AB000F0F3FEFFF7B0
:10114000C5FFCDE90444CDE906445B4D0894EB6C42
:1011500043F00403EB64EB6C03F004030193019B85
:10116000EB6C43F00103EB64EB6C03F001030293BF
:10117000029BEB6C43F00203EB64EB6C03F00203A5
:1011800040F20141039322464FF09040039B01F04F
:1011900043F84A482246B32101F03EF84FF400429A
:1011A00000234748069404A9CDE90423012600F052
:1011B00055FF40F2014304A94FF09040CDE90436B9
:1011C000CDE9064400F04AFFB3233C48049304A948
:1011D000CDE90564079400F041FF40220023374821
:1011E000069404A9CDE9042300F038FF3548364AB7
:1011F00044634FF48273C0E900234FF4E063C0E915
:101200000243022303614FF40073C0E9056308221F
:101210000723C0E90724C0E90944C0E90B3402F000
:1012200099F8002845D10346284929484FF4E1326E
:10123000C0E900120C22C0E90233C0E90432C0E95F
:101240000633C0E9083302F09BFF034688BB214800
:10125000214943617F228260FF22C0E90013C0E977
:1012600003238361C36101F0E7FE10BBD5F894301E
:101270001B0110D564244FF09040012100F0D2FFF3
:101280000A2000F071FE013CF5D1224601214FF009
:10129000904000F0C1FF03F0B3F9104A104800215C
:1012A00003F0E2F90F4B186000F050FB03F0BAF9BD
:1012B000FEE7FFF7EFFE00BF001002400004004809
:1012C00000080048CC0700200030014000440040E6
:1012D0004807002030080020002800407CD8000883
:1012E00089100008440700200E4B10B4186E40F01F
:1012F000010018661C6E83B004F001040094009C89
:101300009C6D44F080549C659B6D03F08053019369
:10131000019B00220F216FF0010003B05DF8044B28
:1013200000F046BE0010024010B5044696B05422AC
:10133000002101A806F040F90D4B22689A4201D025
:1013400016B010BD4FF400324FF4007301A80192A3
:10135000159301F0DBFC40B9064AD2F8903043F413
:101360000043C2F8903016B010BDFFF793FEF3E7CC
:10137000002800400010024010B51B4A016888B0E8
:1013800000239142CDE90233CDE90433069301D025
:1013900008B010BD03F1804303F504339FED107BCB
:1013A0001A6E42F480521A661A6E02F4805200924B
:1013B000009ADA6C42F00102DA64DB6C03F001039C
:1013C00001930322052302A94FF090408DED027B8B
:1013D000019C0592069300F041FE08B010BD00BFCD
:1013E000C2000000020000000030014000000000C8
:1013F00010B504469CB00021542207A8CDE9021183
:10140000CDE90411069106F0D7F81D4B22689A42E7
:1014100001D01CB010BD022307A8079301F076FC91
:1014200018BB184B9A6D42F400329A659A6D02F41B
:1014300000320092009ADA6C9FED0D7B42F00102BF
:10144000DA64DB6C8DED027B9FED0B7B03F0010317
:10145000019302A907234FF090408DED047B019A80
:10146000069300F0FBFD1CB010BDFFF713FED8E79C
:101470000C0000000200000000000000030000005B
:10148000004400400010024008B5044605F052F93F
:10149000204605F03DF905F04FF9BFF34F8F0549A0
:1014A000054BCA6802F4E0621343CB60BFF34F8F71
:1014B00000BFFDE700ED00E00400FA0508B50520D7
:1014C000FFF7E2FF08B50120FFF7DEFF08B50220B5
:1014D000FFF7DAFF08B50320FFF7D6FF08B50420B1
:1014E000FFF7D2FF704700BF08B500F02BFD04F0F6
:1014F000CDFE012800D108BDBDE8084003F05ABA6E
:101500000120704708B506F0D7F8162303604FF0A6
:10151000FF3008BD08B506F0CFF816230360FEE7DC
:1015200070B5161E07DD0C468D19AFF3008004F868
:10153000010BA542F9D1304670BD00BF70B5161E33
:1015400007DD0C468D1914F8010BAFF30080AC4297
:10155000F9D1304670BD00BF4FF0FF30704700BF7B
:101560004FF400534B600020704700BF01207047CC
:10157000002070470C490D4A0B6810B50C4C121B2B
:101580002BB11844904207D80860184610BD094B8B
:101590000B6018449042F7D906F08EF80C230360D4
:1015A0004FF0FF33184610BD540800200000012002
:1015B00000040000F8DE0020034AD2F8883043F42B
:1015C0007003C2F88830704700ED00E0DFF834D0D7
:1015D000FFF7F2FF0C480D490D4A002302E0D458F2
:1015E000C4500433C4188C42F9D30A4A0A4C00236D
:1015F00001E013600432A242FBD306F063F8FFF768
:1016000099FDFEE700000120000000200C070020EB
:1016100094E1000810070020F4DE0020FEE700003F
:1016200080B5012286B00221394800F0F5FD03F0B3
:1016300013F838490646384805F0BCFC05F070F848
:10164000002857D103AF05F0D7FC0024DFF8D09075
:10165000DFF8C080DFF8CCA025466436304603F0C2
:1016600059F805F0CDFC052D0AD0484605F0A2FC3E
:101670000135032CEDB204F101041DD0E4B2ECE716
:10168000FFF7A8FC41460246504605F093FCFFF7E1
:10169000A1FC07210246384605F016FD384605F044
:1016A000ADFC414602461D4805F084FC032C4FF07A
:1016B000000504F10104E1D100210122384605F0C2
:1016C00003FD384605F09AFCFFF7A2FC0221024612
:1016D000384605F0F9FC384605F090FCFFF7A8FC09
:1016E00002210246384605F0C3FC384605F086FC68
:1016F0000024B2E705F014F803AF0023024600937C
:101700003846194605F0C4FC384605F077FC9AE7E0
:101710000004004890D90008E8D8000818D900084B
:1017200048D90008F4D8000808B5044A0448002144
:1017300002F09AFF034B186008BD00BF6CD9000887
:1017400021160008580800202DE9F04383B002F06C
:1017500083FF4C49DFF83C81DFF8349104464A4866
:101760000F4605F027FC00F00BFA0546963420469C
:1017700002F0D0FF00F08EFBFFF760FC0026012096
:10178000002D52D0FFF7E8FB00EB40053D493F48F4
:101790002A4605F00FFC284600F09CF900F038FBC3
:1017A0000DF10600ADF8066000F078FB01285AD074
:1017B0003449374805F0FEFB3046ADF80660FFF7C8
:1017C00043FC00F079FB2F4EDFF8C080304F08E07B
:1017D00005F0F0FBADF806502846FFF735FC00F0A9
:1017E0006BFB9634204602F095FF00F053FBFFF7A9
:1017F00025FCFFF7B1FB00EB40052A463146404689
:1018000005F0D8FB284600F065F9002500F000FB44
:101810000DF10600ADF8065000F040FB01283146FE
:101820003846D5D1BDF80600D7E7FFF7C3FB3946E8
:10183000404605F0BFFB00F0A3F905460DF1060098
:10184000ADF8066000F02AFB0346012B39464846F6
:1018500010D005F0AFFB3046ADF80660FFF7F4FBA3
:1018600000F02AFB82E7BDF80600FFF7EDFB00F071
:1018700023FBA8E7BDF80600FFF7E6FB00F01CFB22
:1018800074E700BF30DA000898D90008B4D900081E
:10189000F0D90008D0D9000808B5044A044800214E
:1018A00002F0E2FE034B186008BD00BF0CDA00082E
:1018B000491700085C0800202DE9F04383B002F0CE
:1018C000CBFE1649164EDFF85480164F05461648D3
:1018D00005F070FB05F57A75284602F01BFFFFF74F
:1018E00071FB0446FFF75EFB8146FFF753FB84461E
:1018F0004B46224641463846CDF800C005F05AFB1B
:1019000032784FF480614FF0904000F085FC3378DE
:10191000B3FA83F35B093370DCE700BFB0DA000889
:101920006008002044DA000838DA000808B5044AE4
:101930000448002102F098FE034B186008BD00BF68
:101940008CDA0008B91800086408002008B5FFF711
:10195000EFFAFFF7A1FFFFF7E7FEBDE80840FFF74A
:10196000E5BF00BF70B586B016468DF80F1004466F
:1019700088B3012804D124480022202100F04CFC27
:10198000322300932148012305AA0DF10F0101F034
:1019900081FE054620B996B99DF8140006B070BDC9
:1019A0000120FFF707FB022D29D0032D22D0012DA6
:1019B000F1D11748214605F0FDFA002EECD084B194
:1019C000012CE9D110482246202100F025FC9DF889
:1019D000140006B070BD0C482246102100F01CFC1B
:1019E000CEE709480122102100F016FC9DF81400F2
:1019F00006B070BD0748214605F0DCFACBE7064883
:101A0000214605F0D7FAC6E700040048CC070020BD
:101A1000B8DA0008D8DA0008C8DA000870B584B06F
:101A200016468DF80F10044688B3012804D12448C7
:101A30000022202100F0F0FB3223009321480123F3
:101A400003AA0DF10F0101F025FE054620B996B954
:101A50009DF80C0004B070BD0120FFF7ABFA022D19
:101A600029D0032D22D0012DF1D11748214605F0B0
:101A7000A1FA002EECD084B1012CE9D11048224605
:101A8000202100F0C9FB9DF80C0004B070BD0C488B
:101A90002246102100F0C0FBCEE7094801221021A8
:101AA00000F0BAFB9DF80C0004B070BD0748214659
:101AB00005F080FACBE70648214605F07BFAC6E739
:101AC00000040048CC070020B8DA0008D8DA000883
:101AD000C8DA000810B5044630B9014602F076FCB9
:101AE000054B00201C6010BD0221002002F06EFC9E
:101AF000014B00201C6010BD6808002010B5FFF7E6
:101B000043FA00280CBF6FF00404052420210020B4
:101B10003C2202F0C1FB22462121002002F0BCFB46
:101B20004FF4FA722421002002F0B6FB0222522167
:101B3000002002F0B1FB0821002002F047FC4FF426
:101B4000FA6002F0D9FD0021084602F03FFC0022B5
:101B50002321104602F0C0FB012204462A21002066
:101B600002F0BAFB231A9BB201222921002002F0C5
:101B7000DFFB00200322522102F08EFB012010BD6A
:101B8000F8B501224FF480614FF0904000F044FB23
:101B90008D488E4F8E4E0122102100F03DFB012218
:101BA0002021894800F038FB0020FFF703FA0120CC
:101BB000FFF736FA00221046632102F06DFB012286
:101BC0001146814800F028FB012211464FF0904059
:101BD00000F022FBC82000F0C7F9012108460822C6
:101BE00002F0EEFC7B4805F0E5F9642000F0BCF95A
:101BF0003A461B21002002F04FFB40F69F7218214D
:101C0000002002F049FB00221046172102F044FB9D
:101C100041F619121921002002F03EFB07221A2179
:101C2000002002F039FB6C4A0A21002002F034FB4C
:101C30004FF010120421002002F02EFB4FF0005252
:101C40000521002002F028FB00221046062102F0A8
:101C500023FB624A0721002002F01EFB604A092193
:101C6000002002F019FB5F4A0821002002F014FB5B
:101C700000221046252102F00FFB4FF4346226218A
:101C8000002002F009FB01223321002002F004FBB6
:101C9000554A3721002002F0FFFA05225221002088
:101CA00002F0FAFA09225021002002F0F5FA02228D
:101CB0006321002002F0F0FA46F2A8124FF480717E
:101CC000002002F0EFFB46F660525D21002002F09A
:101CD000E3FA40F6B8326021002002F0DDFA4FF45A
:101CE00096725F21002002F0D7FA404A5621002068
:101CF00002F0D2FA3D4A5421002002F0CDFA3C4ACB
:101D00005821002002F0C8FA00221046662102F095
:101D1000C3FA00221046642102F0BEFA00221046E7
:101D2000672102F0B9FA00221146012002F048FCB6
:101D300032460921012002F043FC4FF004120A212F
:101D4000012002F03DFC1B21002002F081FA092154
:101D50000546012002F010FC29460446254805F0FE
:101D600029F92448214605F025F9B44212D1224828
:101D700005F020F9BD4213D1204805F01BF9FFF70B
:101D8000BDFE012804460FD01D48002405F012F9BD
:101D90002046F8BD1B4805F00DF900242046F8BD8B
:101DA000194805F007F9F8E7184805F003F900208D
:101DB000FFF736F900224FF480614FF0904000F0B9
:101DC0002BFA2046F8BD00BF0004004804000300C1
:101DD00006060113ECDA0008000100244E014E0152
:101DE000C9810001AE810001000078EC1E004100B5
:101DF0000001606D08DB000814DB000870DB0008E0
:101E0000D4DB000844DB0008A4DB0008ECDB00089E
:101E100070B566211C4805F0CDF8002002F088FB63
:101E20000446FFF7B1F8194B1E68337C012808BF40
:101E30006442012B03F1FF3C23D9F068002302E048
:101E4000CBB2634505DA50F83320A24203F1010119
:101E5000F6DB0F4A1568A54207DDF16801EBC30305
:101E60002A1B99888A42C8BF0D19FFF78DF80128EF
:101E700008BF6D4200202A46662102F00DFA0020BC
:101E800070BD0023E5E700BF00DC0008040000206F
:101E900068080020002002F04BBB00BF10B54FF4D3
:101EA00080710446002002F0D3FA0028B8BF4042F7
:101EB0002080012010BD00BF012108B5084602F0B6
:101EC0005BFB012800D808BD0146BDE80840014879
:101ED00005F070B81CDC000838B50F4B1B780BB947
:101EE000012038BD0D494FF47A720546B2FBF3F379
:101EF0000868B0FBF3F000F097F804460028EFD133
:101F00000F2DEDD8024629464FF0FF3000F050F873
:101F1000034B20461D6038BD4C000020000000200F
:101F20005000002010B5032000F030F80F20FFF71C
:101F3000D3FF10B10124204610BD0446FFF7D4F9A9
:101F4000204610BD034A044B11681B780B441360F4
:101F5000704700BF6C0800204C000020014B18683F
:101F6000704700BF6C08002038B50446FFF7F6FF45
:101F7000631C054602D0044B1B781C44FFF7EEFFA0
:101F8000401BA042FAD338BD4C0000200749CA6864
:101F900003024FF6FF0003F4E0630240134343F0F3
:101FA000BF6343F40033CB60704700BF00ED00E037
:101FB0001B4BDB68C3F3022300B5C3F1070EBEF170
:101FC000040F03F1040C28BF4FF0040EBCF1060F00
:101FD0001CD9A3F1030C4FF0FF3303FA0CF322EAF0
:101FE00003024FF0FF3303FA0EF321EA030303FA6F
:101FF0000CF313431B010028DBB20ADB00F1604045
:1020000000F5614080F800335DF804FB002294463F
:10201000E7E7044A00F00F00024413765DF804FB82
:1020200000ED00E0FCEC00E00138B0F1807F01D36E
:102030000120704710B44FF0E023074C58614FF077
:10204000F00C84F823C00022072110469A615DF845
:10205000044B1961704700BF00ED00E02DE9F04F1F
:102060000C6885B0002C00F0B88000234FF0010B05
:1020700061E0032A40F0B48002FA0CF2D0F800C00C
:102080000CEA07073A4315F4403F02604FD05E4F19
:102090003A6E42F001023A663A6E02F00102039291
:1020A000039A23F0030202F1804202F5803203F02A
:1020B000030C97684FEA8C0C0F2606FA0CFEB0F161
:1020C000904F27EA0E070ED0504EB04200F0948099
:1020D0004F4EB0420CBF4FF0020E4FF0070E0EFAFB
:1020E0000CFC47EA0C0797604A4A9268EE026FEAD6
:1020F0000A07484E54BF3A404AEA0202B260F26808
:10210000AE02444E54BF3A404AEA0202F26072689C
:10211000AE03404E54BF3A404AEA0202726032684F
:10212000ED033C4D54BF3A404AEA02022A600133B3
:1021300034FA03F251D00BFA03FE1EEA040AF6D079
:102140004D6805F003024FEA430C032602F1FF3805
:1021500006FA0CF7B8F1010F6FEA070789D8D0F833
:102160000890CE6809EA070906FA0CF848EA090857
:10217000C0F80880D0F804808E6828EA0E08C5F3FD
:10218000001E0EFA03FE4EEA080EC0F804E0D0F876
:102190000C8006FA0CFE08EA07084EEA080E022A2E
:1021A000C0F80CE07FF468AF0E694FEAD30803F083
:1021B000070E00EB88084FEA8E0E06FA0EF6D8F8E6
:1021C000209001960F2606FA0EFE019E29EA0E09BE
:1021D00046EA090EC8F820E04EE705B0BDE8F08FEA
:1021E000D0F80C808E6807EA080806FA0CFE4EEA62
:1021F000080EC0F80CE03FE74FF0010E0EFA0CFCA1
:1022000047EA0C076FE700BF0010024000040048D7
:1022100000080048000401400AB1816170478162F2
:10222000704700BF436901EA030221EA030141EA62
:1022300002418161704700BF024A136843F4807312
:102240001360704700700040024A136823F48073E3
:102250001360704700700040024B186800F4C060C3
:10226000704700BF00700040B0F5007F0ED01B4AE1
:10227000136803F4C063B3F5806F05D0136823F4CB
:10228000C06343F4806313600020704713490B68F8
:1022900003F4C063B3F5007FF6D00B68104A23F453
:1022A000C06343F400730B6013680E4A322000FBD6
:1022B00003F34869A2FB03239B0C400503F10103D0
:1022C00006D500E023B14A69520503F1FF33F9D482
:1022D000024B5B695B05D7D5032070470070004057
:1022E0000000002083DE1B4330B5204DAB6DDB00CA
:1022F00083B004461AD5FFF7AFFFB0F5007F27D0B3
:10230000802C2CD82FD0A4F17004B4FA84F4640982
:1023100017490B6823F0070323430B60086800F09C
:102320000700001B18BF012003B030BDAB6D43F0A8
:102330008053AB65AB6D03F080530193019BFFF7B6
:102340008BFFAB6DB0F5007F23F08053AB65D7D129
:10235000802C06D9A12C34BF01240224D8E7032401
:10236000D6E70024D4E70224D2E700BF00100240E1
:1023700000200240284A9368D26813F00C0305D06D
:102380000C2B35D0042B41D124487047224A1168C8
:10239000090754BFD2F894201268214954BFC2F3F0
:1023A0000322C2F3031251F8220003B30C2B1DD1F8
:1023B000194BDB6803F00303022B25D0194A032BCA
:1023C00008BF1046144BD968DA68DB68C3F3416371
:1023D000C2F30622C1F30211013300FB02F2013104
:1023E0005B00B2FBF1F2B2FBF3F0704700207047E4
:1023F00002F00302012AC9D0074BDB6803F0030394
:10240000022B4FF00000D9D10448DBE7082B054828
:1024100018BF0020704700BF001002400024F400E5
:10242000A0D8000800127A00002800F000832DE9EF
:10243000F043944A03689568D6680446D80683B08A
:1024400005F00C0506F003062ED5002D00F02381C3
:102450000C2D00F01D81A3698A4F002B00F09281A2
:102460003B6843F001033B60FFF778FD804606E0E0
:10247000FFF774FDA0EB0800022800F293813B688F
:102480009B07F5D53B6843F008033B603B68226A35
:1024900023F0F00313433B607B68E26923F47F433E
:1024A00043EA02237B602368D90700F1C1809907C2
:1024B00023D5042D00F056810C2D00F05081E368E7
:1024C000704E002B00F08981336843F480733360D1
:1024D000FFF744FD074605E0FFF740FDC01B02285B
:1024E00000F2608133685B05F6D57368226923F0DA
:1024F000F85343EA026373602368190719D56369C7
:10250000604E002B00F01781D6F8943043F00103A1
:10251000C6F89430FFF722FD074605E0FFF71EFDE1
:10252000C01B022800F23E81D6F894309A07F5D5F8
:1025300023685F073FD5534B9A6DD60000F14B815E
:102540009A6D42F080529A659B6D03F0805301931F
:10255000019B01264C4F3B68D80540F19881A36848
:10256000012B00F04C81052B00F0BC81454FD7F8C2
:10257000902022F00102C7F89020D7F8902022F096
:102580000402C7F89020002B40F04081FFF7E6FCE2
:1025900041F28839804606E0FFF7E0FCA0EB080036
:1025A000484500F2FF80D7F890309B07F4D4002E06
:1025B00040F07F812368980618D5636A314E002B5E
:1025C00000F05181D6F8983043F00103C6F89830F6
:1025D000FFF7C4FC074605E0FFF7C0FCC01B02285C
:1025E00000F2E080D6F898309907F5D5A36ADBB100
:1025F000022B00F085810C2D00F08F80214C236888
:1026000023F080732360FFF7A9FC054605E0FFF780
:10261000A5FC401B022800F2C58023689B01F6D46C
:10262000E2681A4B1340E360002003B0BDE8F0837A
:10263000082D76D00C2D72D06368B3F5803F00F082
:10264000B580B3F5A02F00F040810E4F3A6822F418
:1026500080323A603A6822F480223A60002B40F0DF
:10266000AA80FFF77BFC804606E0FFF777FCA0EB33
:102670000800642800F296803B689803F5D423682C
:1026800015E700BF0010024000700040FCFFEEFEA6
:10269000012E7FF4E0AEA64B1B6899073AD4A44BF9
:1026A000206A1A68120756BFD3F894301B681B09BA
:1026B00003F0F003984200F2BE809D4B1A6842F08E
:1026C00008021A601A6822F0F00202431A605A687F
:1026D000E16922F47F4242EA01225A60002D00F0B3
:1026E000EE80FFF747FE924B924A9B68C3F30313B9
:1026F000D35C914A03F01F0320FA03F310688F4A5A
:102700001360FFF7E9FB00288FD12368D9077FF515
:10271000CEAE8DE7A369002BC1D1012085E7032E42
:102720008AD1834A126892037FF5C1AE6268002A9B
:102730007FF4BDAEF1E7D6F8943023F00103C6F87C
:102740009430FFF70BFC074604E0FFF707FCC01BC3
:10275000022827D8D6F894309B07F6D4E8E6022E54
:102760007FF4ADAE724A1268520502D5E268002AC3
:10277000D3D06F4920694A6822F0F85242EA0062D9
:102780004A60BAE63B6823F001033B60FFF7E6FBD3
:1027900080463B689807B8D5FFF7E0FBA0EB080040
:1027A0000228F6D9032003B0BDE8F083604A13681D
:1027B00043F480331360FFF7D1FBDFF874810746E1
:1027C00004E0FFF7CBFBC01B6428EBD8D8F800303F
:1027D0009B03F6D553E70026BCE6336823F48073E9
:1027E0003360FFF7BBFB074604E0FFF7B7FBC01BF6
:1027F0000228D7D833685805F7D423687DE64C4AB9
:10280000D2F8903043F00103C2F89030FFF7A6FBF6
:10281000DFF81C81074641F2883904E0FFF79EFB90
:10282000C01B4845BED8D8F890309A07F6D5002E80
:102830003FF4C0AE3DE0FFF757FD00287FF46DAFD9
:102840003B4B1A6842F008021A601A68216A22F0AB
:10285000F0020A431A605A68E16922F47F4242EAB0
:1028600001225A603DE7D6F8983023F00103C6F8FC
:102870009830FFF773FB074604E0FFF76FFBC01BC0
:1028800002288FD8D6F898309A07F6D4AEE63B687F
:1028900043F480733B60FFF761FB80463B68D905DA
:1028A0003FF55DAEFFF75AFBA0EB08000228F5D913
:1028B00078E71F4A936D23F0805393657AE6FFF71C
:1028C00013FD00283FF40DAF27E703F18043A3F584
:1028D0003C331A6842F480221A601A6842F480324B
:1028E0001A6068E7124BD3F8902042F00402C3F854
:1028F0009020D3F8902042F00102C3F8902085E7A1
:102900000B4EE26AF36803F00301914252D00C2DA2
:102910003FF403AF064D2B685B013FF5FEAE2B681D
:1029200023F080732B60FFF719FB06460EE000BF13
:1029300000100240D8D800085000002000000020FD
:10294000FFF70CFB801B02283FF62CAF2B689F0182
:10295000F6D4E968374BE26A206B374E0B401343DD
:10296000D4E90D1243EA012343EAC263D4E90F120A
:102970000138490843EA00130139520843EA415338
:10298000013A43EA4263EB602B6843F080732B60AB
:10299000EB6843F08073EB60FFF7E0FA044605E074
:1029A000FFF7DCFA001B02283FF6FCAE3368980103
:1029B000F6D539E6216B03F070020139B2EB011F45
:1029C000A5D1616B03F4FE42B2EB012F9FD1A16B45
:1029D00003F07842B2EBC16F99D1E26B520803F475
:1029E000C001013AB1EB425F91D1226C520803F071
:1029F000C063013AB3EB426F89D1336899013FF567
:102A000013AE336843F080733360F36843F0807330
:102A1000F360FFF7A3FA044605E0FFF79FFA031BF4
:102A2000022B3FF6BFAE33689A01F6D5FCE50120D4
:102A3000704700BF8C809D0100100240002800F00C
:102A4000A080544A136803F007038B422DE9F0413C
:102A50000D4604460CD2136823F007030B431360A2
:102A6000136803F007038B4202D00120BDE8F08118
:102A70002368990703F0010270D5474EA068B1683A
:102A800001F0F001884204D9B16821F0F00101435E
:102A9000B16032B36268404B032A1B6865D0022ADA
:102AA0006CD0002A71D19E07DFD53B4EB36823F06E
:102AB00003031343B360FFF751FA41F28838074626
:102AC00004E0FFF74BFAC01B40455CD8B36862686E
:102AD00003F00C03B3EB820FF3D12368990706D5FB
:102AE000A0682D498A6802F0F002824240D8294944
:102AF0000A6802F00702AA4209D90A6822F007020E
:102B00002A430A600A6802F00702AA42ADD15A07B6
:102B100006D52149E0688A6822F4E06202438A60AF
:102B20001B0707D51C4A2169936823F4605343EAC5
:102B3000C1039360FFF71EFC174A184C92681849AE
:102B4000C2F303120346A25C164802F01F02D340F0
:102B5000BDE8F04100680B60FFF7BEB9002AC6D09F
:102B600062680D4B032A1B6899D19B019DD47CE7B9
:102B70008A6822F0F00202438A60B8E79F0394D487
:102B800073E701207047032070E758057FF56DAFAC
:102B90008BE700BF0020024000100240D8D8000898
:102BA0000000002050000020054B064A9B680649A3
:102BB000C3F302230868D35C03F01F03D8407047B7
:102BC00000100240D0D8000800000020054B064A43
:102BD0009B680649C3F3C2230868D35C03F01F0354
:102BE000D840704700100240D0D8000800000020F4
:102BF000454AF8B5D6680D46B1070446006806D0C8
:102C0000D16801F0030181424BD00120F8BD0228B8
:102C100058D003284FD00128F7D112689307F5D573
:102C20003949CA6822F0730242EA00036268013A35
:102C300043EA0213CB60344E336823F08063336081
:102C4000FFF78CF9074604E0FFF788F9C31B022B56
:102C50003CD833681A01F7D4A3681902002D37D184
:102C60003269E36822F0784241EAC36322F4FE420B
:102C700013433361244D2B6843F080632B60FFF7CF
:102C80006DF9064604E0FFF769F9801B02281DD89C
:102C90002B681B01F7D52B69A269134300202B6118
:102CA000F8BD0029B1D0D3686268C3F302130133C1
:102CB0009342AAD1BFE711688E03B1D412685103C1
:102CC000A3D5ADE7126857059FD5A9E70320F8BD46
:102CD000012D33690BD0626923F0C063520823F4DD
:102CE000FE43013A0B4343EA42633361C2E7226980
:102CF00023F4C003520823F4FE43013A0B4343EA92
:102D000042533361B6E700BF001002402DE9F043A3
:102D1000036813F4006683B004460CD0C16BB1F5B0
:102D2000000F00F0F680B1F5400F00F0F7800029A9
:102D300000F0138101269F0354D59A4B9A6DD5005C
:102D400040F1DC800027984D2B6843F480732B60A2
:102D5000FFF704F9804606E0FFF700F9A0EB08034F
:102D6000022B00F2E5802B68D805F5D5B6BB8D4D5A
:102D7000226DD5F8903013F4407327D0934225D0BC
:102D8000D5F89010D5F8903043F48033C5F89030E2
:102D9000D5F8903023F48033C5F8903021F4407397
:102DA000C907C5F8903011D5FFF7D8F841F2883936
:102DB000804606E0FFF7D2F8A0EB0800484500F295
:102DC000B780D5F890309B07F4D5226D7549D1F8BE
:102DD000903023F440731343C1F890302368002FE0
:102DE00040F0AB80DF0708D56E49206AD1F8882013
:102DF00022F003020243C1F888209D0708D56949E3
:102E0000606AD1F8882022F00C020243C1F88820C1
:102E1000980608D56349A06AD1F8882022F4406258
:102E20000243C1F88820990508D55E49606BD1F846
:102E3000882022F440220243C1F888205A0508D590
:102E40005849A06BD1F8882022F440120243C1F8FF
:102E500088205F0608D55349E06AD1F8882022F41B
:102E600040520243C1F88820DD0508D54D49206B4A
:102E7000D1F8882022F440320243C1F88820980417
:102E80000ED54849206CD1F8882022F040620243D8
:102E9000B0F1006FC1F8882055D0B0F1806F6CD0D0
:102EA00059030ED53F49606CD1F8882022F040626A
:102EB0000243B0F1006FC1F8882049D0B0F1806FB3
:102EC00064D05A040BD53748A16CD0F8882022F082
:102ED00040520A43B1F1805FC0F8882044D01B04FF
:102EE00008D5304AE16CD2F8883023F080430B4398
:102EF000C2F88830304603B0BDE8F0839A6D42F0E6
:102F000080529A659B6D03F080530193019B0127CA
:102F100019E72448C26842F48032C2602148D0F8E0
:102F2000882022F440020A43C0F88820002602E7E5
:102F300023680326002F3FF455AF1A498A6D22F00B
:102F400080528A654EE7CA6842F48012CA60A7E7D9
:102F5000CA6842F48012CA60B3E70430FFF748FE43
:102F60000646E0B12368E6E60221201DFFF740FE99
:102F700023680028B3D00646B1E70121201DFFF7E2
:102F800037FE236800288BD0064689E70121201DE3
:102F9000FFF72EFE2368002893D0064691E7E16BE9
:102FA0002368BBE7001002400070004038B5214B99
:102FB000DA6822F08002DA609968026889060446BD
:102FC00013D4D36823F0A003D360FEF7C7FF0546F0
:102FD00005E0FEF7C3FF431BB3F57A7F26D82368CD
:102FE000DB689A06F5D5002038BD996821F02001EC
:102FF0009960D36823F0A003D360FEF7AFFF0546C6
:1030000005E0FEF7ABFF431BB3F57A7F0AD82368D0
:10301000DB689B06F5D50020064A936843F0200341
:10302000936038BD032084F82100F5E7032084F87D
:10303000210038BD0028004000285FD070B590F80E
:103040002130054603F0FF02002B52D02A680220EF
:10305000CA21532385F8210051625362D46814F0C9
:10306000400429D091686B682C6921F4E00121F0BB
:1030700040019160A969906823430B430343E968C9
:10308000936011611369A96843EA014328461361FB
:10309000FFF78CFF78B92B68EA69D96C6C6921F06D
:1030A0000301D964D96C22430A43FF21DA645962CF
:1030B000012385F8213070BD4FF0FF33D360FEF758
:1030C0004DFF064620460BE00328F4D0FEF746FFEE
:1030D000831BB3F57A7F204684BF032085F8210047
:1030E0002A68D46814F04004EED00028BAD0032037
:1030F00070BD80F82020FEF717F9A7E70120704780
:10310000036882B050330193019B03EB8103019369
:10311000019B1A6002B070470368503353F82100D6
:10312000704700BF2DE9F04182B000230E461746DC
:103130008DF803300546FEF711FF37443F1AFEF7BE
:103140000DFF324B2C681B6803EB8303C3EBC303F7
:103150001B0D07FB03F30136019311D1A36813F490
:10316000C06F09D0237BDBB28DF803309DF80330AC
:10317000A36813F4C06FF5D1002002B0BDE8F08160
:103180008046234613E0237BDBB28DF803309DF8A5
:103190000330FEF7E3FEA0EB0800B8420CD2019A20
:1031A000019B013B002A01932B6808BF00279B6805
:1031B00013F4C06FE7D1DFE7D5E900315A68B1F504
:1031C000827F22F0E0025A6013D0AA6AB2F5005F53
:1031D00007D11A6822F400521A601A6842F40052A9
:1031E0001A600122002385F85D2085F85C300320F9
:1031F000C3E7AA68B2F5004F02D0B2F5806FE4D100
:103200001A6822F040021A60DFE700BF00000020C9
:103210002DE9F04F85B000230E468DF8073001EB05
:10322000020917460546FEF799FEDFF82481A9EB4F
:10323000000AFEF793FED8F800302C6803EB8303F6
:10324000C3EBC3031B0D0AFB03F30293731C18BFEC
:10325000834630D1A36813F4C05FFBD1FEF77EFE36
:10326000A9EB0009FEF77AFED8F800302C68C3F30A
:10327000CB3309FB03F3711C8046039330D1A36861
:103280001A06FCD43A4631462846FFF74BFF58BB96
:1032900005B0BDE8F08FFEF761FEA0EB0B008245A4
:1032A0002AD9029A029B2C68002A03F1FF3308BF37
:1032B0004FF0000A0293A36813F4C05FEBD1CDE78F
:1032C000FEF74CFEA0EB0800814515D9039A039B3D
:1032D0002C68002A03F1FF3308BF4FF00009039365
:1032E000A3681B06ECD4CDE72B6E43F020032B66BE
:1032F000032005B0BDE8F08FD5E900315A68B1F57B
:10330000827F22F0E0025A6016D0AA6AB2F5005F0E
:1033100007D11A6822F400521A601A6842F4005267
:103320001A60012385F85D302B6E002243F02003E4
:1033300085F85C202B66DBE7AA68B2F5004F02D067
:10334000B2F5806FE1D11A6822F040021A60DCE722
:1033500000000020002874D02DE9F0410446406AA6
:10336000002853D000232361636194F85D3000226C
:10337000A26203F0FF02002B57D02168E768022306
:1033800084F85D300B68B7F5E06F23F040030B6005
:1033900042D851D1A56A4FF4805C05F400556268AB
:1033A000A368A66903F4044302F482721A432369F2
:1033B00003F002031343626902F001021A43636BD4
:1033C00007F4706703F0080343EA070EE36903F0AC
:1033D0003808236A03F0800706F40073134343EAB6
:1033E00008033B43360C2B4306F004060B6000F049
:1033F00010004EEA0603034343EA0C034B6000202F
:103400000123206684F85D30BDE8F0816368B3F580
:10341000827FAAD0E061A8E7B7F5706F13D1A56AE3
:103420004FF0000C05F40055B9E7204684F85C2005
:10343000FDF7A2FF606AA0E74FF4805C0025A5625B
:10344000ADE7012070474FF0000CF7E72DE9F041A0
:10345000044690F85C00012882B075D01D46012317
:1034600084F85C3088461746FEF778FD94F85D30A6
:10347000012B0646D8B209D002200122002384F88D
:103480005D2084F85C3002B0BDE8F081B8F1000F37
:10349000F3D0002FF1D0A1682368C4F8388000224F
:1034A0000320B1F5004F84F85D00A78722662264EF
:1034B000E787A4F84420E2642265A4F84620184671
:1034C0006AD01A68520603D41A6842F040021A60A1
:1034D000E2686168B2F5E06F3AD9002900F099809E
:1034E000012F00F09680E28F92B2BAB16A1C40F0D0
:1034F00087809A68970740F1A480A26B32F8021B7C
:10350000D960B4F83EC0A2630CF1FF3C1FFA8CFCFA
:10351000A4F83EC0E28F92B2002AEAD13246294690
:103520002046FFF775FE08B120232366A36833B950
:1035300022680193D368019393680193019B206EE5
:10354000003818BF012098E7022002B0BDE8F081E2
:10355000002968D0012F66D0E38F9BB2002BDDD00D
:10356000681C12D033E0E38FA06B9BB2012B0146A5
:1035700070D931F8023BD360E38FA163023B9BB269
:10358000E387E18F89B20029C8D022689368990740
:10359000E9D4FEF7E3FCF4E71A6822F040021A606F
:1035A0001A6842F480421A608BE7E28FA06B92B2F5
:1035B000012A014663D931F8022BDA60E38FA16357
:1035C000023B9BB2E387E38F9BB2002BA6D023681C
:1035D0009A689207E9D4FEF7C1FC831BAB42F2D391
:1035E00003204AE7A26B32F8023BC360E38FA26379
:1035F000013B9BB2E387E38F9BB2002B8ED0206808
:1036000083689907EED4FEF7A9FC831BAB42F2D383
:10361000E6E7414631F8022BDA60E28FA163013A16
:1036200092B2E2875FE7E28F92B2012A1CD941464B
:1036300031F8022BDA60E38FA163023B9BB2E38790
:103640008AE7FEF78BFCE38F9BB2002B3FF466AF5B
:1036500023684EE703781373E38FA26B013B0132BB
:103660009BB2A263E3878CE798F800201A73E38F7C
:10367000A26B013B01329BB2A263E3876CE7027845
:103680001A73E38FA26B013B01329BB2A263E38703
:1036900099E700BF2DE9F843044690F85C00089EC6
:1036A000012800F09E801F46012384F85C30894683
:1036B0009046FEF753FC054694F85D0063680128C8
:1036C000C1B210D0B3F5827F08D0022001220023BE
:1036D00084F85D2084F85C30BDE8F883A268002A95
:1036E000F3D10429F1D1B9F1000F00F0D480B8F181
:1036F000000F00F0D080002F00F0CD8094F85D2006
:10370000E168C4F84080042A1CBF052284F85D20CB
:103710000022B1F5E06F2266E2642265A4F84670EB
:103720002268A4F84470C4F83890A787E7875BD86C
:10373000012F00F02481516821F4805151601168FB
:10374000490603D4116841F0400111606BB9E38F61
:103750009BB2012B40F2FD80494631F8023BD36019
:10376000E38FA163023B9BB2E3870127E38F9BB208
:103770002BB9B4F846309BB2002B00F08280216850
:103780008B689A0706D5E38F9BB21BB1002F40F0E0
:10379000958000278B6813F0010319D0B4F84620F8
:1037A00092B2AAB1B4F84600226C80B2012879D94D
:1037B000C86822F8020B2264B4F84620023A92B29A
:1037C000A4F84620B4F8462092B2012A65D91F46D3
:1037D000FEF7C4FB401BB042C8D3731CC6D0032005
:1037E00074E70220BDE8F883516821F480515160EC
:1037F0001168480603D4116841F040011160002BA4
:1038000040F08280494631F8023BD360E38FA163E8
:10381000013B9BB2E387731C4FF0010728D06EE099
:103820002268936898070DD5E38F9BB253B147B1D7
:10383000A36B33F8021BD160A363E38F013B9BB200
:10384000E3870027936813F001030FD0B4F8461004
:1038500089B259B11F46236CD26823F8022B236426
:10386000B4F84630013B9BB2A4F84630FEF776FB35
:10387000E38F9BB2002BD3D1B4F846309BB2002B20
:10388000CED12A4631462046FFF7C2FC00283FF43D
:103890001DAF20232366012018E74A6842F48052B6
:1038A0004A6094E7097B1170226C01322264B4F8FB
:1038B0004620013A92B2A4F8462088E7E28FA36B33
:1038C00092B2012A50D933F8022BCA60A363E38F66
:1038D000023B9BB2E3875CE7B4F846309BB2002B17
:1038E000CFD022689368990723D4936813F001031B
:1038F0000DD1FEF733FB401BB042BFF470AFE38F36
:103900009BB2002BEDD1E7E7012F84D17AE7B4F821
:10391000461089B20029ECD01F46236CD26823F8E8
:10392000022B2364B4F84630013B9BB2A4F8463026
:10393000DFE7E38F9BB2002BD7D047B1A36B33F8FF
:10394000021BD160A363E38F013B9BB2E387002797
:10395000CBE799F800301373E38FA26B013B013280
:103960009BB2A263E38700E71B780B73E38FA26B24
:103970002168013B01329BB2A263E38709E75368E8
:1039800043F480535360136859063FF5E0AE136863
:1039900043F040031360DAE62DE9F0411D46436829
:1039A000B3F5827F84B004461746884600F09080C5
:1039B00094F85C30012B00F09880012384F85C308F
:1039C000FEF7CCFA94F85D30012B0646D8B209D048
:1039D00002200122002384F85D2084F85C3004B0CA
:1039E000BDE8F081B8F1000FF3D0002FF1D0E2680C
:1039F0002168C4F840800023042084F85D00B2F5FB
:103A0000E06F2366A4F84670E387A363A387E364AB
:103A100023654868A4F844700B4640F2DC8020F42B
:103A200080504860A068B0F5004F00F0E080086862
:103A300040065ED4086840F040000860B2F5E06FD0
:103A400057D8B4F8462092B2FAB1681C13D0B8E047
:103A5000226C1B7B1370B4F846C0226C0CF1FF3C47
:103A60001FFA8CFCA4F846C0B4F8463001329BB271
:103A7000226453B123689A68D107E9D4FEF76EFA3D
:103A8000B4F846309BB2002BF4D16368B3F5827F63
:103A900000F0BA80FEF762FAAF193F1AFEF75EFA3D
:103AA000804B22681B68C3F3CB33804607FB03F3CC
:103AB000681C03936ED193681906FCD46368B3F550
:103AC000827F00F0AF80206E003818BF012080E7B1
:103AD0008368002B7FF46CAF00950425134680F8B3
:103AE0005D500A46FFF7D6FD79E7022004B0BDE835
:103AF000F081B4F8462092B2002AC6D06A1C31D1B7
:103B00008B68DF0714D5236CCA6823F8022BB4F83E
:103B100046C023640CF1FF3C1FFA8CFCA4F846C09D
:103B2000B4F846309BB2002BAFD08B68DF07EAD4E5
:103B3000FEF714FAB4F846309BB2002BA5D02168EA
:103B4000DEE7226CDB6822F8023BB4F846302264E0
:103B5000013B9BB2A4F84630B4F846309BB2002B30
:103B600093D023689A68D707EBD4FEF7F7F9831B45
:103B7000AB422ED2F0E7FEF7F1F9A0EB0800B84215
:103B800067D2039A039B002A03F1FF332268039351
:103B900008BF002793681B06EDD48FE7226C1B7BC0
:103BA0001370B4F84630226C013B01329BB22264A0
:103BB000A4F84630B4F846309BB2002B3FF465AF12
:103BC00023689A68D207E9D4FEF7C8F9831BAB4291
:103BD000F0D30320FDE640F480504860A068B0F5C3
:103BE000004F04D0086847067FF524AF29E708682E
:103BF00020F040000860086820F4804008600868F1
:103C000040063FF51BAF15E7A368B3F5004F03D09F
:103C1000B3F5806F7FF43EAF2268136823F0400352
:103C2000136037E7A368B3F5004F03D0B3F5806F97
:103C30007FF449AF324629462046FFF773FA002841
:103C40003FF441AF236E43F0200323662023236615
:103C500039E7D4E900315A68B1F5827F22F0E002F9
:103C60005A6013D0A26AB2F5005F07D11A6822F435
:103C700000521A601A6842F400521A60012384F854
:103C80005D30236E43F020032366DFE7A268B2F5C0
:103C9000004F02D0B2F5806FE4D11A6822F04002E2
:103CA0001A60DFE70000002090F85D00704700BF59
:103CB00038B5044602688368006961691568034382
:103CC0000B43E0696349034329400B431360536886
:103CD000E16823F440530B435F4953608A42A36970
:103CE000916830D0256A21F430612B430B435B4946
:103CF00093608A4213D15A4BD3F8883003F0030300
:103D0000022B65D0032B50D0012B48D0B0F5004FCB
:103D10007CD0FEF75BFF00284CD1002036E0514BF1
:103D20009A4232D103F5E633D3F8883003F00C031E
:103D30000C2B2AD8DFE803F0642929293329292903
:103D40004C292929390021F430610B434448936000
:103D5000D0F8883003F44063B3F5006F3DD007D846
:103D6000C3B1B3F5806F10D1FEF704FB28B9D4E7D7
:103D7000B3F5406F09D14FF40040626802EB420393
:103D8000834202D8B0EB023F29D9012000236366A9
:103D9000A36638BDFEF708FF0028EED1BDE7B0F5F9
:103DA000004F4CD0FEF7E6FAB5E7B0F5004F4ED025
:103DB0004FF4004063684FF6EF7200EB5300B0FB26
:103DC000F3F0A0F110039342DFD82368D860A4E792
:103DD000B0F5004F39D02448ECE72348CDE751082F
:103DE00000238C464FF480751946E0FB05C1604600
:103DF000FCF7E6F91D4BA0F540729A42C5D8E4E7FE
:103E0000B0F5004F1ED0FEF7CFFE84E7FEF7DEFED2
:103E1000002882D0430062684FF6EF7103EB520333
:103E2000B3FBF2F3A3F110028A42AED823F00F02E3
:103E3000216892B2C3F342031343CB606DE7FEF7F0
:103E400099FAE5E7FEF7B0FEE2E7094BE3E74FF446
:103E50008033E0E7F369FFEF008000400038014065
:103E600000100240004400400024F400FFFC0F005A
:103E70000048E801436ADA0710B406D50168846A8D
:103E80004A6822F4003222434A609C0706D5016842
:103E9000C46A4A6822F4803222434A60590706D530
:103EA0000168046B4A6822F4802222434A601A07A0
:103EB00006D50168446B4A6822F4004222434A60F6
:103EC000DC0606D50168846B8A6822F4805222439E
:103ED0008A60990606D50168C46B8A6822F400528C
:103EE00022438A605A0609D50168046C4A6822F4A4
:103EF00080122243B4F5801F4A600BD01B0606D502
:103F00000268816C536823F400230B4353605DF80F
:103F1000044B70474A68446C22F4C00222434A6052
:103F2000ECE700BF2DE9F843DDF820800468B8F124
:103F3000FF3F0D4616460AD1E36935EA03030CBF7D
:103F4000012300239E42F7D00020BDE8F8830746F6
:103F50009946E26935EA02020CBF01230023B3420D
:103F6000F2D1FDF7FBFFA0EB090040452ED83C68DD
:103F70002246B8F1000F2AD023685807E9D5E36933
:103F80001905E6D54FF40063236254E8003F23F49B
:103F9000D07344E8003139B152E8003F23F4D073C4
:103FA00042E800310029F7D102F1080353E8003F4D
:103FB00023F0010302F1080040E800310029F3D1A9
:103FC0002023BB67FB67C7F8803017E03A6852E8E8
:103FD000003F23F4D07342E800310029F7D102F109
:103FE000080353E8003F23F0010302F1080040E812
:103FF00000310029F3D12023BB67FB67002387F83A
:1040000074300320A1E700BF2DE9F0430446806F20
:10401000202883B040F0A9808846002947D0174661
:10402000002A44D01D4694F87430012B00F09D8086
:10403000012384F874304FF000092123C4F88090E4
:10404000A367FDF78BFFA368A4F85070B3F5805FFA
:10405000A4F85270064600F08C80B4F8523000226A
:104060009BB284F87420B3B123686A1C23D1DA6947
:104070001006FCD5B8F1000F72D018F8012B1A8584
:10408000B4F85220013A92B2A4F85220B4F8522067
:1040900092B2002AE9D10095334600224021204601
:1040A000FFF740FF002857D12023A36700E001203D
:1040B00003B0BDE8F083DA691106DBD4FDF74EFFEB
:1040C000801B85422ED323681A4665B319684907B9
:1040D000F1D5D9690F05EED54FF40061196253E8A7
:1040E000001F21F4D07143E8001038B152E8003FBE
:1040F00023F4D07342E800310029F7D102F108031C
:1041000053E8003F23F0010302F1080040E80031CA
:104110000029F3D12023A36784F87410E367C4F85F
:10412000803019E0226852E8003F23F4D07342E85F
:1041300000310029F7D102F1080353E8003F23F0D2
:10414000010302F1080040E800310029F3D12023E7
:10415000A36784F87410E367032003B0BDE8F0831D
:1041600039F8022BC2F3080289E7022003B0BDE848
:10417000F0832369002B7FF470AFC14698466CE74B
:10418000002862D070B5836F82B00446002B49D0FE
:1041900022682423A367136823F0010320461360D9
:1041A000FFF786FD01283AD0636A002B33D12368DC
:1041B000596821F490415960996821F02A01996069
:1041C0001968002541F001011960C4F88050FDF71D
:1041D000C5FE23681A68120706460CD41B685B07E5
:1041E00025D400232022A26784F87430E2671846A1
:1041F000236602B070BD6FF07E4300932A460346EB
:104200004FF400112046FFF78DFEE0B923681B68CC
:104210005B070CD4E5E72046FFF72CFEC7E701203B
:1042200002B070BD80F87430FDF7E2F8B0E76FF0CF
:104230007E430093002233464FF480012046FFF76F
:1042400071FE0028CDD00320D3E70120704700BFC6
:1042500038B5002201F07F010446FDF783FB002200
:1042600011462046FDF77EFB0022114605462046FA
:10427000FDF778FB2D020022114605432046FDF78D
:1042800071FB2D0240EA05030122002120461C0299
:10429000FDF768FB204338BD38B541F08001044686
:1042A00015460022FDF75EFB290E00222046FDF791
:1042B00059FBC5F3074100222046FDF753FBC5F328
:1042C000072100222046FDF74DFBE9B220460122DE
:1042D000BDE83840FDF746BB70B501F07F011646DA
:1042E00000220446FDF73EFB002211462046FDF762
:1042F00039FB0022114605022046FDF733FB002260
:10430000114605432046FDF72DFB2D0240EA05032B
:104310000122204600211C02FDF724FB20432EB180
:10432000012E01D1000C70BD002070BD80B270BDA7
:104330002DE9F0410E46904601F07F01002204462F
:104340001F46FDF70FFB002211462046FDF70AFB32
:104350000022114605022046FDF704FB002211460B
:1043600005432046FDF7FEFA2D02054301220021F8
:104370002046FDF7F7FA2D020543B8F1000F22D0D1
:10438000B8F1010F01D167F31F4546F0800100220B
:104390002046FDF7E7FA290E00222046FDF7E2FA53
:1043A000C5F3074100222046FDF7DCFAC5F30721DB
:1043B00000222046FDF7D6FAE9B220460122BDE8E8
:1043C000F041FDF7CFBA67F30F05DEE770B50022C5
:1043D0000E4663210446FDF7C5FA00221146204629
:1043E000FDF7C0FA0022114605022046FDF7BAFA91
:1043F0000022114605432046FDF7B4FA2D0205437D
:10440000012200212046FDF7ADFA2D02054325F0DB
:10441000FF0535430022E3212046FDF7A3FA290ECC
:1044200000222046FDF79EFAC5F3074100222046F0
:10443000FDF798FAC5F3072100222046FDF792FA0E
:10444000E9B220460122BDE87040FDF78BBA00BFFB
:1044500070B500220E4669210446FDF783FA00225A
:1044600011462046FDF77EFA00221146050220463D
:10447000FDF778FA0022114605432046FDF772FA4F
:104480002D0240EA05030122002120461C02FDF70F
:1044900069FA2043001406FB00F00028B8BFFF3083
:1044A000001270BD70B50B4614465E210022054611
:1044B000240294FBF3F4FDF755FA00221146284636
:1044C000FDF750FA0022114606022846FDF74AFA87
:1044D0000022114606432846FDF744FA36020643F9
:1044E000012200212846FDF73DFA36023043000C38
:1044F0000004A4B204430022DE212846FDF732FA6C
:10450000210E00222846FDF72DFAC4F307410022B0
:104510002846FDF727FAC4F3072100222846FDF7B5
:1045200021FAE1B228460122BDE87040FDF71ABA2F
:1045300038B500226A210446FDF714FA002211461C
:104540002046FDF70FFA0022114605462046FDF7EA
:1045500009FA2D020022114605432046FDF702FA12
:104560002D0240EA05030122002120461C02FDF72E
:10457000F9F9204338BD00BF38B5002201F07F01B2
:104580000446FDF74BFA002211462046FDF746FA95
:104590000022114605462046FDF740FA2D02002272
:1045A000114605432046FDF739FA2D0240EA05037E
:1045B0000122002120461C02FDF730FA204338BDBD
:1045C00038B541F08001044615460022FDF726FA71
:1045D000290E00222046FDF721FAC5F307410022EB
:1045E0002046FDF71BFAC5F3072100222046FDF700
:1045F00015FAE9B220460122BDE83840FDF70EBAAF
:10460000EFF305832BB9064B186828B901221A600D
:1046100070476FF0050070474FF0FF30704700BFE4
:104620007011002010B5EFF3058474B9084B1A68B7
:10463000012A07D107490222CC771A6001F000FC59
:10464000204610BD4FF0FF3010BD6FF0050010BDCB
:104650007011002000ED00E0EFF305830BB101F0D5
:104660008BBC01F083BC00BFF0B587B000251446B9
:104670000595EFF3058212B1002007B0F0BD0028C8
:10468000FAD00CB3A369DBB918236268D207F3D45C
:10469000656935B3AA08A668D4F800C0E76816B300
:1046A000B7F5C07FE8D32469002CE5D0002DE3D016
:1046B0000093CDE901460B46614601F087FADCE73D
:1046C0005D1E372DE1D9D7E78022182300930B46D2
:1046D000214605AC019401F0B5FA0128CCD105982A
:1046E000CBE78022D7E7002FC6D12469002CC3D1A5
:1046F00092B26446EAE700BFEFF305823AB908B523
:1047000008B9002008BD01F045FB002008BD6FF08E
:104710000500704730B583B0EFF3058565B90446F1
:1047200001F024FC211A0029019008DD01A801F004
:10473000B9FA284603B030BD6FF00500FAE76FF014
:104740000300F7E7044B036010B48023034C0C60B4
:104750005DF8044B13607047F00F0020F00D00204F
:10476000054B036010B44FF48073044C0C605DF88B
:10477000044B1360704700BF700C002070080020CD
:1047800000F108034FF0FF310022C0E90131C3609E
:1047900003610260704700BF00230361704700BFE0
:1047A0004268036810B494680133C1E90124616070
:1047B00091605DF8044B08610360704730B40D6888
:1047C0006B1C10D000F108031C465B681A68AA42F3
:1047D000FAD902684B60013299608C6061600861AF
:1047E00030BC0260704704696368F2E7036910B483
:1047F000D0E901125C688A608442516008BF5A6047
:104800001A685DF8044B0021013A01611A601868CA
:10481000704700BF08480068006880F308884FF0C0
:10482000000080F3148862B661B6BFF34F8FBFF308
:104830006F8F00DF00BF000008ED00E0DFF80C0024
:10484000016841F4700101607047000088ED00E0EC
:104850000E4B1B6882B000220133019208D04FF04A
:10486000500383F31188BFF36F8FBFF34F8FFEE7C1
:104870004FF0500383F31188BFF36F8FBFF34F8F57
:10488000019B002BFCD002B0704700BF54000020F9
:1048900010B44FF08073074C40F8043C21F0010144
:1048A0006FF0020340E9034140E909325DF8044B2F
:1048B0004438704751480008000000000000000024
:1048C000074B19680868B0E8F04F80F30988BFF318
:1048D0006F8F4FF0000080F311887047AFF30080B6
:1048E00028DA00204FF0500383F31188BFF36F8F55
:1048F000BFF34F8F0B4A13680133012B136000D0B5
:1049000070474FF0E023D3F8043DDBB2002BF7D023
:104910004FF0500383F31188BFF36F8FBFF34F8FB6
:10492000FEE700BF54000020084A136843B94FF067
:10493000500383F31188BFF36F8FBFF34F8FFEE7F0
:10494000013B13600BB983F31188704754000020BA
:10495000EFF30980BFF36F8F154B1A681EF0100F2D
:1049600008BF20ED108A20E9F04F10602DE9090002
:104970004FF0500080F31188BFF34F8FBFF36F8F5C
:1049800001F012FB4FF0000080F3118809BC196898
:104990000868B0E8F04F1EF0100F08BFB0EC108AA6
:1049A00080F30988BFF36F8F704700BFAFF30080BB
:1049B00028DA002008B54FF0500383F31188BFF3C5
:1049C0006F8FBFF34F8F01F0DFFA28B14FF0E02374
:1049D0004FF08052C3F8042D002383F3118808BDE3
:1049E0004FF0E02200230649136193610B680549EB
:1049F000A1FB03139B090720013B53611061704722
:104A000000000020D34D62104FF0E023484AD3F855
:104A1000001D914241D0D3F8002D464B9A4233D02D
:104A200070B5454B454C1A78454884B0FF21D2B249
:104A3000029219701B78DBB28DF807309DF80730B1
:104A40009DF8072003F05003072112062370016030
:104A500048BF06220FD59DF807305B00DBB28DF80A
:104A600007309DF807301B06114602F1FF32F2D4E1
:104A700003291BD001604FF0500383F31188BFF36B
:104A80006F8FBFF34F8FFEE74FF0500383F3118812
:104A9000BFF36F8FBFF34F8FFEE74FF0500383F3E9
:104AA0001188BFF36F8FBFF34F8FFEE7029B224A3F
:104AB000244D4FF0E0244FF44071DBB201601370DD
:104AC000D4F8203D43F47003C4F8203DD4F8203DD1
:104AD00043F07043C4F8203D0026FFF781FF2E60AD
:104AE000FFF7ACFED4F8343F43F04043C4F8343F02
:104AF000FFF790FE01F058FA2B680396013308D0B7
:104B00004FF0500383F31188BFF36F8FBFF34F8FC4
:104B1000FEE74FF0500383F31188BFF36F8FBFF3AD
:104B20004F8F039B002BFCD0002004B070BD00BF52
:104B300071C20F4170C20F4100E400E07811002003
:104B40007411002054000020EFF305830F2B0ED9C1
:104B50001149124A5B5C12789A4208D94FF050030F
:104B600083F31188BFF36F8FBFF34F8FFEE74FF0D2
:104B7000E0230B4AD3F80C3D126803F4E063934240
:104B800008D94FF0500383F31188BFF36F8FBFF341
:104B90004F8FFEE7704700BFF0E300E07811002080
:104BA000741100202DE9F843044601F0C7F9514A79
:104BB0001568002D35D0504B1E6834422BD154B3AC
:104BC00004F1080064071CBF20F00700083010B390
:104BD000DFF838E1DEF800C084451CD3474C236879
:104BE00003E01A6822B11C46134659688142F8D383
:104BF000AB4210D01A6822600A1A102A46D91C1833
:104C000061072CD04FF0500383F31188BFF36F8FEF
:104C1000BFF34F8FFEE701F099F900242046BDE86D
:104C2000F883374B3548344F5D07364D18BF07338F
:104C300025F0070518BF23F007031560324A03600B
:104C40001946EB1A1360314A4FF0004613600022F8
:104C500042603E60C5E90022C1E90053ADE76260F1
:104C6000264A5860174612689442FBD87968D4F8EF
:104C7000048007EB01094C4528D004EB08018A4267
:104C80002ED022600146A74218BF3C601E4804682F
:104C9000ACEB0102A24238BF02601D48CEF80020F2
:104CA00002683143002503F10804596001321D6098
:104CB000026001F04BF96307B0D04FF0500383F36B
:104CC0001188BFF36F8FBFF34F8FFEE7884407EB68
:104CD00008018A42C7F8048001D05968D6E73C46EB
:104CE000AA421CBF5168126822601CBF4144616027
:104CF0005968C8E7901100207C1100209411002011
:104D00009C110020E4D40020881100208C11002088
:104D100084110020D0B12C4A50F8043C1268134290
:104D20000BD050F8081C91B14FF0500383F3118859
:104D3000BFF36F8FBFF34F8FFEE74FF0500383F346
:104D40001188BFF36F8FBFF34F8FFEE7704770B5C9
:104D500023EA020382B040F8043C1C4C019001F0AD
:104D6000EDF80198226850F8045C194B5119216044
:104D7000A0F1080219461B689A42FBD84E688C19AC
:104D8000A24211D002EB050E734513D040F8083C47
:104D9000914218BF0A600F4A13680133136002B0D2
:104DA000BDE8704001F0D2B835444A1993424D60D5
:104DB000F1D10A4608480068834203D0D3E90004D1
:104DC000631953601060E3E77C1100208C11002010
:104DD000941100208011002090110020036C70B508
:104DE000856B04462BB9066801355EB31846A5638A
:104DF00070BD164682B91A464068FBF7FBF9636836
:104E0000216CA2680B449342636024BF23686360F3
:104E100001350020A56370BD1A46C068FBF7EAF9AA
:104E2000226CE36851429B1A2268E360934202D2EB
:104E3000A3680B44E360022EEAD1012D38BF01259F
:104E40000020D4E7806801F031FAA660CFE700BF08
:104E500030B583B09DF8185040B94FF0500383F33C
:104E60001188BFF36F8FBFF34F8FFEE71C4683B1EE
:104E7000002A4AD0B1B150230193019B502B1AD084
:104E80004FF0500383F31188BFF36F8FBFF34F8F41
:104E9000FEE74FF0500383F31188BFF36F8FBFF32A
:104EA0004F8FFEE74FF0500383F31188BFF36F8FEE
:104EB000BFF34F8FFEE7019B22600123C4E90F017E
:104EC00084F84630FFF70EFDD4E90F2321686160B6
:104ED00003FB02F2D31A0A44A26000220B44A2632D
:104EE000FF2284F84420E36084F8452004F1100098
:104EF000FFF746FC04F12400FFF742FCFFF714FD26
:104F0000204684F84C5003B030BD39B9502301938A
:104F1000019B502BB4D1019B2246CDE74FF05003AB
:104F200083F31188BFF36F8FBFF34F8FFEE700BF8E
:104F30002DE9F04385B00192002843D088461F46F2
:104F4000044699B3022F0BD1E36B012B08D04FF02D
:104F5000500383F31188BFF36F8FBFF34F8FFEE7CA
:104F600001F094F9002836D0FFF7BCFCA26BE36B8C
:104F70009A4201D3022F3AD13A4641462046FFF7E2
:104F80002DFF636A002B40F04B8148B14FF0E023C6
:104F90004FF08052C3F8042DBFF34F8FBFF36F8FD4
:104FA000FFF7C2FC012005B0BDE8F083036C002BC5
:104FB000C8D04FF0500383F31188BFF36F8FBFF356
:104FC0004F8FFEE74FF0500383F31188BFF36F8FCD
:104FD000BFF34F8FFEE7019B002BC5D04FF050036E
:104FE00083F31188BFF36F8FBFF34F8FFEE700226B
:104FF00004F12406019B002B00F0D180002A00F070
:10500000CA80FFF791FC00F099FFFFF76BFC94F862
:105010004430FF2B04BF002384F8443094F845301B
:10502000FF2B04BF002384F84530FFF77DFC01A966
:1050300002A801F0E3F8002840F0B580FFF752FC29
:10504000A26BE36B9A424CD0FFF76EFCFFF74AFC71
:1050500094F8452055B2002D04DC11E06A1ED3B24D
:1050600055B26BB1636A304653B101F077F800284E
:10507000F4D001F005F96A1ED3B255B2002BF1D17C
:10508000FF2384F84530FFF74FFCFFF72BFC94F823
:10509000442055B2002D14DD04F1100903E06A1E0E
:1050A000D3B255B26BB12369484653B101F056F8FB
:1050B0000028F4D001F0E4F86A1ED3B255B2002BF8
:1050C000F1D1FF2384F84430FFF72EFC00F03EFFBF
:1050D000FFF708FCA26BE36B9A42FFF44DAF01228D
:1050E00088E704F11009FFF71FFC0199484600F01A
:1050F000A7FFFFF7F7FB94F845305DB2002D04DC05
:1051000011E06B1EDAB25DB26AB1636A304653B128
:1051100001F024F80028F4D001F0B2F86B1EDAB2E6
:105120005DB2002AF1D1FF2384F84530FFF7FCFB84
:10513000FFF7D8FB94F844305DB2002D04DC11E099
:105140006B1EDAB25DB26AB12369484653B101F011
:1051500005F80028F4D001F093F86B1EDAB25DB2C6
:10516000002AF1D1FF2384F84430FFF7DDFB00F083
:10517000EDFE48B94FF0E0234FF08052C3F8042D04
:10518000BFF34F8FBFF36F8FFFF7ACFBA36BE26BE7
:105190009A42A4D9F0E602A801F024F831E7FFF71B
:1051A000C3FB0020FFE6FFF79DFB94F845305DB29E
:1051B000002D10DD04F1240603E06B1EDAB25DB2AF
:1051C0004AB1636A304633B100F0C8FF0028F4D01A
:1051D00001F056F8F1E7FF2384F84530FFF7A4FB10
:1051E000FFF780FB94F844305DB2002D10DD04F130
:1051F000100603E06B1EDAB25DB24AB12369304695
:1052000033B100F0ABFF0028F4D001F039F8F1E73A
:10521000FF2384F84430FFF787FB00F097FEC0E7D8
:1052200004F1240000F09AFF00283FF4B9AEADE687
:105230002DE9F04385B00192002800F064810F460B
:105240000446002900F0978001F020F8002800F0C3
:105250009F80FFF747FBA56B002D75D1019B002BAD
:1052600000F0F48002A800F0BDFFA84604F1240677
:10527000FFF75AFB00F062FEFFF734FB94F844306E
:10528000FF2B08BF84F8448094F84530FF2B08BFFB
:1052900084F84580FFF748FB01A902A800F0AEFFA3
:1052A000002840F08280FFF71DFBA36B002B00F06D
:1052B000D380FFF739FBFFF715FB94F845305DB25B
:1052C000002D14DD04F1240903E06B1EDAB25DB297
:1052D0006AB1636A484653B100F040FF0028F4D039
:1052E00000F0CEFF6B1EDAB25DB2002AF1D1FF23CF
:1052F00084F84530FFF718FBFFF7F4FA94F84430D0
:105300005DB2002D14DD04F1100903E06B1EDAB26A
:105310005DB26AB12369484653B100F01FFF00280F
:10532000F4D000F0ADFF6B1EDAB25DB2002AF1D10D
:10533000FF2384F84430FFF7F7FA00F007FEFFF789
:10534000D1FAA56B002D7DD0226C52B1E168A36823
:1053500011449942E16024BF2168E1603846FAF7C0
:1053600049FF013DA5632369002B40F0D580FFF77D
:10537000DBFA01206DE0036C002B3FF465AF4FF0CA
:10538000500383F31188BFF36F8FBFF34F8FFEE796
:10539000019B002B3FF45DAF4FF0500383F3118866
:1053A000BFF36F8FBFF34F8FFEE7FFF79BFA94F8C1
:1053B00045305DB2002D04DC11E06B1EDAB25DB247
:1053C0006AB1636A304653B100F0C8FE0028F4D0D9
:1053D00000F056FF6B1EDAB25DB2002AF1D1FF2356
:1053E00084F84530FFF7A0FAFFF77CFA94F84430D0
:1053F0005DB2002D14DD04F1100903E06B1EDAB27A
:105400005DB26AB12369484653B100F0A7FE002897
:10541000F4D000F035FF6B1EDAB25DB2002AF1D194
:10542000FF2384F84430FFF77FFA00F08FFDFFF789
:1054300059FAA36B53B1FFF777FAFFF753FAA56B4D
:10544000002D81D1019B002B7FF412AFFFF76CFA86
:10545000002005B0BDE8F08304F12409FFF764FAE9
:105460000199484600F0ECFDFFF73CFA94F845300E
:105470005DB2002D04DC11E06B1EDAB25DB26AB1E0
:10548000636A484653B100F069FE0028F4D000F08A
:10549000F7FE6B1EDAB25DB2002AF1D1FF2384F869
:1054A0004530FFF741FAFFF71DFA94F844305DB23A
:1054B000002D14DD04F1100903E06B1EDAB25DB2B9
:1054C0006AB12369484653B100F048FE0028F4D081
:1054D00000F0D6FE6B1EDAB25DB2002AF1D1FF23D6
:1054E00084F84430FFF720FA00F030FD0028A4D102
:1054F0004FF0E0234FF08052C3F8042DBFF34F8FDD
:10550000BFF36F8F99E74FF0500383F31188BFF318
:105510006F8FBFF34F8FFEE704F1100000F01EFE07
:1055200000283FF424AF4FF0E0234FF08052C3F83F
:10553000042DBFF34F8FBFF36F8F18E7124B1A681C
:105540007AB19A6862B11A6992B19A6992B11A6A8B
:1055500092B19A6A92B11A6B92B19A6B92B17047FA
:10556000012203EBC20C43F83210CCF80400704760
:105570000222F6E70322F4E70422F2E70522F0E72D
:105580000622EEE70722ECE7F0D4002070B50546CE
:105590000E461446FFF7A6F995F84430FF2B04BFDA
:1055A000002385F8443095F84530FF2B04BF0023D5
:1055B00085F84530FFF7B8F9AB6B002B43D0FFF708
:1055C00091F995F845305CB2002C14DD05F1240604
:1055D00003E0631EDAB25CB26AB16B6A304653B163
:1055E00000F0BCFD0028F4D000F04AFE631EDAB2E1
:1055F0005CB2002AF1D1FF2385F84530FFF794F91A
:10560000FFF770F995F844305CB2002C14DD05F119
:10561000100603E0631EDAB25CB26AB12B69304651
:1056200053B100F09BFD0028F4D000F029FE631E6A
:10563000DAB25CB2002AF1D1FF2385F84430BDE82C
:105640007040FFF771B92246314605F1240000F0A1
:105650003BFDB4E72DE9F8430546FFF743F9344A2B
:10566000344E1368013313603368002B31D0324C51
:10567000E86A236833B3314F314A32491368013342
:1056800013606B640B68834238BF086000EB8000D6
:1056900007EB8000291DFFF783F8FFF745F9236822
:1056A00073B13268EB6AD26A9A4209D24FF0E023B2
:1056B0004FF08052C3F8042DBFF34F8FBFF36F8FAD
:1056C000BDE8F88333681D4FDB6A834298BF3560BD
:1056D000D2E735601368012B03D0E86A174F164CE8
:1056E000CAE7164F3C4607F58C6820461434FFF78E
:1056F00047F8A045F9D1DFF86490DFF864800E4CDC
:105700004846FFF73DF84046FFF73AF80E48FFF7E6
:1057100037F80E48FFF734F80D48FFF731F80D4B16
:10572000E86AC3F800900C4BC3F80080A4E700BF00
:1057300054D5002028DA002048D50020C8D5002004
:1057400038D500204CD5002084D5002070D500200D
:1057500058D500209CD5002098D50020B4D5002035
:10576000A0D500202DE9F0470A9CDDF82490960092
:10577000324607460D46206BA521984601F01CFFD6
:10578000236B043E1E4426F00706002D00F08280A5
:105790002B7884F83430002B36D06B7884F8353091
:1057A00093B3AB7884F8363073B3EB7884F8373042
:1057B00053B32B7984F8383033B36B7984F83930AC
:1057C00013B3AB7984F83A30F3B1EB7984F83B301A
:1057D000D3B12B7A84F83C30B3B16B7A84F83D3086
:1057E00093B1AB7A84F83E3073B1EB7A84F83F30F2
:1057F00053B12B7B84F8403033B16B7B84F841305C
:1058000013B1AB7B84F84230002384F84330089D09
:10581000372D28BF37254FF0000AE562E564201DCB
:10582000C4F850A0FEF7B8FFC5F1380504F1180020
:10583000FEF7B2FFA561C4F878A151464FF490720B
:105840002461646284F87CA104F1580001F0B4FE84
:10585000124BE36503F16805D03325666366104D8E
:10586000104BC4E93E53104BC4F800313946304662
:105870000B2301260027C4E93C674246A4F8043103
:10588000FFF706F82060B9F1000F01D0C9F8004019
:10589000BDE8F08784F83450B9E700BFE0DB0020B2
:1058A0000E33CDAB34126DE6ECDE050080B5234D32
:1058B000234F244EDFF890802B685BB3FFF712F87C
:1058C000FB68DC68201DFEF791FF3368013B336005
:1058D0002B68013B2B60FFF727F804F1580001F01B
:1058E000BDFE94F87D3163B1012B22D0022BE3D0B1
:1058F0004FF0500383F31188BFF36F8FBFF34F8FC7
:10590000FEE7206BFFF706FA2046FFF703FA2B6845
:10591000002BD3D1D8F80030012BCDD94FF0E023A4
:105920004FF08052C3F8042DBFF34F8FBFF36F8F3A
:10593000C2E72046FFF7EEF9BEE700BF6CD50020B6
:1059400070D5002054D50020C8D500202DE9F04F97
:10595000464B1E68013683B01E60002E3ED0444B7D
:1059600001931B689E4246D3424FDFF818913B6873
:10597000DFF814A11D68002D73D0DFF81081002519
:1059800020E0FEF733FFA36A04F118000BB1FEF725
:105990002DFFE36AD8F8002003EB830093425946B9
:1059A00009EB800088BFC8F80030FEF7F9FEDAF88E
:1059B00000203B68E16AD26A1B68914228BF01253A
:1059C000002B4ED03B68DB68DC68636804F1040B95
:1059D0009E425846D5D2019A136011E0254B1A68B1
:1059E00012680AB34FF0500383F31188BFF36F8F2F
:1059F000BFF34F8FFEE7DFF88C90DFF88CA0002517
:105A0000DAF800301C49DB6A03EB83039B0059F88A
:105A100003200B68022A28BF0125002B0CBF284653
:105A2000012003B0BDE8F08F144A186811681960AE
:105A3000134910600A6801320A601A6812683AB99C
:105A40000B4B01931A464FF0FF331360134688E760
:105A50001B68074ADB680192DB685B6813601346CA
:105A60007FE7019A4FF0FF331360C9E750D500205C
:105A700034D500209CD5002040D5002098D50020AA
:105A80003CD50020C8D5002028DA00204CD50020C5
:105A90002DE9F84F434DFEF725FF2B68013B2B60A6
:105AA0002B68002B68D1404B1B68002B64D03F4E05
:105AB0003368002B73D03E4FDFF80491DFF8048188
:105AC000DFF804A1F368D3F80CB00BF104040BF178
:105AD0001800FEF78BFE2046FEF788FEDBF82C2030
:105AE00021463C6802EB8200A24209EB800088BF9D
:105AF0003A60FEF755FED8F80010DBF82C20CB6A90
:105B00009A423FD30123CAF800303368002BD9D121
:105B1000284B1A681268002A3CD01A68264BD268B3
:105B2000D26852681A60254E346894B1012706E0A5
:105B3000FFF70CFF08B1CAF80070013C08D02B68D1
:105B4000002BF5D03368013C03F101033360F6D13B
:105B50003460DAF800307BB14FF0E0234FF0805230
:105B6000C3F8042DBFF34F8FBFF36F8F0124FEF7EF
:105B7000DBFE2046BDE8F88F0024FEF7D5FE204668
:105B8000BDE8F88F3368002B9CD10A4B1A68126865
:105B9000002AC2D1084B4FF0FF321A60C3E7DFF88A
:105BA00028A0C0E730D5002054D5002084D500209F
:105BB0004CD500209CD5002034D5002044D50020B1
:105BC000C8D5002028DA002040D5002030B587B0A5
:105BD0000B9CD4B10C9D7DB14FF4C0750595059D0E
:105BE000B5F5C07F1AD04FF0500383F31188BFF38F
:105BF0006F8FBFF34F8FFEE74FF0500383F3118891
:105C0000BFF36F8FBFF34F8FFEE74FF0500383F367
:105C10001188BFF36F8FBFF34F8FFEE70C9D2C638E
:105C2000022485F87D4104ACCDE901450A9C00942D
:105C3000059CFFF797FD0C98FFF70CFD049807B043
:105C400030BD00BF2DE9F043074685B090001546F2
:105C500088469946FEF7A6FFF8B104464FF4C07097
:105C6000FEF7A0FF0646A8B10463002486F87D4134
:105C70000D9C01940C9C02964B462A4641463846A0
:105C80000094FFF76FFD3046FFF7E4FC012005B0FC
:105C9000BDE8F0832046FFF73DF84FF0FF3005B038
:105CA000BDE8F083F8B530B341B94FF0500383F34A
:105CB0001188BFF36F8FBFF34F8FFEE72F4D2B6817
:105CC00013BB2B6801332B602D4C036822685918D5
:105CD0002CBF0126002693421FD9FEB901602B6814
:105CE000002B31D14FF0500383F31188BFF36F8F36
:105CF000BFF34F8FFEE74FF0500383F31188BFF3DC
:105D00006F8FBFF34F8FFEE74FF0500383F311887F
:105D1000BFF36F8FBFF34F8FFEE70EB98A42DDD21C
:105D2000184E276801603068BA1A04308C18FEF7E4
:105D30005DFD3368A7425C6014D9134B1868316865
:105D40000431FEF73BFDCAE7FFF7A2FE48B94FF06A
:105D5000E0234FF08052C3F8042DBFF34F8FBFF301
:105D60006F8FF8BD094B186831680431FEF726FDC6
:105D7000074B1A68944238BF1C60B0E730D500204A
:105D800050D5002028DA002098D500209CD500208E
:105D900034D50020F8B550B94FF0E0234FF08052D1
:105DA000C3F8042DBFF34F8FBFF36F8FF8BD1E4DA7
:105DB0002B6843B14FF0500383F31188BFF36F8F0B
:105DC000BFF34F8FFEE72B68013304462B60174B60
:105DD000174E1F6830680430FEF708FD3368E41979
:105DE0005C6010D3134B186831680431FEF7E6FC91
:105DF0002B68A3B94FF0500383F31188BFF36F8F63
:105E0000BFF34F8FFEE70C4B186831680431FEF783
:105E1000D5FC0A4B1A68944238BF1C60E8E7FFF7CC
:105E200037FE0028B8D0F8BD30D5002050D500206E
:105E300028DA002098D500209CD5002034D50020F9
:105E400030B58BB007AA002406A905A8CDE9054402
:105E5000FEF778FCDDE90632059DCBB17DB14FF44C
:105E6000C07109910999B1F5C07F1AD04FF0500364
:105E700083F31188BFF36F8FBFF34F8FFEE74FF0AF
:105E8000500383F31188BFF36F8FBFF34F8FFEE78B
:105E90004FF0500383F31188BFF36F8FBFF34F8F21
:105EA000FEE7022108A82B6385F87D112346CDE982
:105EB00001051B49099800941A48FFF753FC28462E
:105EC000FFF7C8FB089B7BB100F0C4FB0128034629
:105ED0000CD0013308D14FF0500383F31188BFF386
:105EE0006F8FBFF34F8FFEE70BB030BD4FF0500206
:105EF00082F31188BFF36F8FBFF34F8F0A4A0B49AC
:105F000012680B4858320A600A490B4A4FF0FF35B5
:105F100005600B6014600BB0BDE83040FEF774BD47
:105F20002CDC0008AD58000828DA002064000020AE
:105F300034D5002048D5002050D50020024A1368EF
:105F400001331360704700BF30D50020064B1B683B
:105F500043B94FF0500383F31188BFF36F8FBFF342
:105F60004F8FFEE7FFF794BD30D50020014B186836
:105F7000704700BF50D5002008B5FEF7E5FD014B86
:105F8000186808BD50D50020054B1B680BB9FFF7FA
:105F9000DDBC044A1368013300201360704700BF62
:105FA00030D5002044D500201F4B1B681BB11F4B70
:105FB00001221A6070471D4A1D4910B41D4C136020
:105FC000236803EB8302920098008A5842B913B306
:105FD000013B03EB8302980051F82220002AF6D0FF
:105FE000184401EB800C6246DCF804104968CCF8D8
:105FF00004100832914208BF49680F4A08BFCCF824
:106000000410C9681160236013680C4A5DF8044BE2
:106010005833136070474FF0500383F31188BFF378
:106020006F8FBFF34F8FFEE730D5002040D50020A3
:10603000C8D500204CD5002028DA002064000020BC
:10604000D0B170B51A4D0C4629681831FEF7B6FB71
:10605000184B1E6828680430FEF7C8FB631C14D078
:106060002B68A4195C6017D3134B18682968BDE826
:1060700070400431FEF7A2BB4FF0500383F3118848
:10608000BFF36F8FBFF34F8FFEE729680B48BDE862
:1060900070400431FEF784BB094B1868296804314D
:1060A000FEF78CFB074B1A68944238BF1C6070BD2A
:1060B00028DA002050D5002098D5002058D500209F
:1060C0009CD5002034D5002030B370B51D4E0C4651
:1060D000316815461831FEF763FB1B4B85B91D6807
:1060E00030680430FEF782FB336864195C601CD3AF
:1060F000164B18683168BDE870400431FEF75EBB8E
:106100001B6830680430FEF771FB31681048BDE849
:1061100070400431FEF744BB4FF0500383F3118805
:10612000BFF36F8FBFF34F8FFEE70A4B18683168DC
:106130000431FEF743FB084B1A68944238BF1C60D9
:1061400070BD00BF28DA002050D5002098D500206F
:1061500058D500209CD5002034D5002038B5C36820
:10616000DC684CB304F118052846FEF73FFB174BDB
:106170001B6873B116482946FEF712FB154BE26AFD
:106180001B68DB6A9A4283BF134B01201860002012
:1061900038BD251D2846FEF729FB104AE36A116821
:1061A0000F488B4288BF136003EB8303294600EB43
:1061B0008300FEF7F5FAE1E74FF0500383F311880F
:1061C000BFF36F8FBFF34F8FFEE700BF30D50020C6
:1061D00084D5002028DA002040D500204CD50020AE
:1061E000C8D50020034A044B12681B68C0E900238D
:1061F000704700BF3CD5002050D50020F8B508B34B
:106200000D46B1B10446FEF76DFB2B681A4A581CC7
:1062100011682CD0DFF864C0D4E90060DCF80070AD
:10622000BE4218D0884216D80124FEF77DFB2046D6
:10623000F8BD4FF0500383F31188BFF36F8FBFF3A6
:106240004F8FFEE74FF0500383F31188BFF36F8F3A
:10625000BFF34F8FFEE7A1EB000E734509D95B1A20
:10626000DCF80010126803442B60C4E9001200241B
:10627000DBE700232B60D7E750D500203CD500207A
:10628000014B01221A60704740D50020054B1B6866
:1062900033B1054B1868B0FA80F0400940007047F0
:1062A0000120704748D5002030D5002008B338B50C
:1062B0001D4B1C68844208D04FF0500383F31188B3
:1062C000BFF36F8FBFF34F8FFEE7236D43B1E16ADA
:1062D000E26C013B9142236500D063B1002038BDE0
:1062E0004FF0500383F31188BFF36F8FBFF34F8FCD
:1062F000FEE700207047251D2846FEF777FAE36C7D
:106300000A4AE362C3F13800A0611068834208487A
:1063100088BF136003EB830300EB83002946FEF77D
:106320003FFA012038BD00BF28DA00204CD50020FC
:10633000C8D500202DE9F041214E84B00DE0DB6886
:10634000DC681F68251D2846FEF750FA236A2046A0
:10635000984794F828305B070AD433681A68002AF3
:10636000EDD1184A11683160136004B0BDE8F081C6
:10637000A369DFF854803B449F42294605D2306828
:1063800063602461FEF71AFAE7E7D8F800300025C9
:106390006BB1CDE900570294FFF778FFD8F8000001
:1063A0002B462A466946FEF7C3FD0028D5D14FF09B
:1063B000500383F31188BFF36F8FBFF34F8FFEE756
:1063C0002CDB002028DB002024DB00202DE9F04F0F
:1063D0009C4E9D4D9D4C8BB04FF0E0294FF0805866
:1063E00032681768002F00F0AA80D3681F68FFF793
:1063F000A5FDFFF7BBFD2A6890428246C0F0B08041
:106400008742286040F2B68000222068A7EB0A018C
:10641000FFF7BCF8FFF79AFD28B9C9F8048DBFF360
:106420004F8FBFF36F8F2068002202A9FEF700FF95
:106430000028D5D0029B0498002B78DB049F7B6951
:1064400013B1381DFEF7D2F9FFF790FD2B68984283
:106450008346C0F08C80029BC5F800B0092BE2D8BF
:10646000DFE803F0050505553E5C0505553E97F848
:106470002820039B3F6142F0010287F82820BA6977
:1064800099182CBF012000205945796000F28D80B9
:10649000ABEB03039A4200F2A3803B6A384698476D
:1064A00097F828305907BED52168039BBA6971B1A6
:1064B0001344CDE9073700270697FFF7E7FE20686A
:1064C0003B463A4606A9FEF733FD0028ABD14FF014
:1064D000500383F31188BFF36F8FBFF34F8FFEE735
:1064E00097F82820039BBB6142F0010287F828201F
:1064F000002B00F09D805B445B457B6096BF544B56
:10650000306818683F61391DFEF758F98BE797F836
:10651000283023F0010387F8283084E797F82830E3
:106520009A074CD523F0010387F828307BE7039BBB
:1065300005999847029B002BFFF675AF7EE7FFF7A2
:10654000FDFCFFF713FD2A689042824608D3404BBA
:10655000C5F800A01A681268B2FA82F2520954E72C
:10656000FFF7E8FEC5F800A0FFF7F0FC5BE7FFF7D8
:10657000E1FE70E7FFF7EAFC3268D268D2F80CB0AF
:106580000BF1040108460191FEF730F99BF8282031
:10659000019912F0040F16D122F001028BF8282085
:1065A000DBF82030584698473DE75B4502D9002884
:1065B0003FF473AF3068391DFEF700F933E7384612
:1065C000FEF7A8FB2FE7DBF81800CBF810B03A185D
:1065D0009245CBF8042009D23068FEF7EFF8DFE7E8
:1065E0001B4B391D1868FEF7E9F81CE7AAEB070AF0
:1065F000504518D822686AB1CDE9077B0027069775
:10660000FFF744FE20683B463A4606A9FEF790FC99
:106610000028C5D14FF0500383F31188BFF36F8F6B
:10662000BFF34F8FFEE70A4B1868FEF7C7F8B7E7CE
:106630004FF0500383F31188BFF36F8FBFF34F8F79
:10664000FEE700BF2CDB00201CDB002024DB002049
:1066500028DB0020F0B5234C89B0FEF743F925680C
:1066600035B3FEF761F92368CBB1002407AA06A968
:1066700005A8CDE90544FEF773F8DDE9050102231D
:10668000CDE901100093079A174918482346FFF7F0
:106690009DFA174B186010B1012009B0F0BD4FF002
:1066A000500383F31188BFF36F8FBFF34F8FFEE763
:1066B000104F114E3846FEF763F83046FEF760F88B
:1066C0000E4A009517600E4A0E4B166010210E4AB6
:1066D0000A20FEF7BDFB20600028C2D00B49FEF760
:1066E0002DFFBEE724DB00203CDC0008CD63000862
:1066F00020DB002044DB002030DB00202CDB0020EE
:1067000028DB00202CDA00207CDA002034DC0008B2
:10671000024600210148FCF7F3BC00BF300800200E
:1067200008B500210248FCF7F7FCC0B208BD00BF65
:1067300030080020FBF780BDFBF786BD10B54FF495
:10674000006388B00024CDE90644CDE90043CDE9DB
:106750000244CDE9044300F0F7F910B9002008B075
:1067600010BD00F01BFA0028F8D006AA2321202033
:1067700000F042FB07AA2721242000F03DFB6A46D7
:106780002046032100F038FB01AA0721042000F075
:1067900033FB02AA0B21082000F02EFB03AA1321D1
:1067A000102000F029FB04AA1721142000F024FB7C
:1067B00005AA1B21182000F01FFB0421602000F017
:1067C000E5FA7020012100F0E1FA21462A2000F0CC
:1067D000DDFAE521292000F0D9FA8321282000F0F4
:1067E000D5FA00F043FA08B010BD00BF30B587B04D
:1067F00084780388029301228DF804208DF80C40E0
:10680000002C00F0D880C11C22460DF10D00F9F7D4
:10681000F1FC072C4FD8631C04F11802DBB26A4468
:106820000021082B02F80B1C45D01833A21C6B4426
:10683000D2B2082A03F80B1C3DD002F118030DEB6D
:106840000302E31CDBB2082B02F80B1C33D0183315
:106850000DEB0302231DDBB20021082B02F80B1CF9
:1068600029D01833621D6B44D2B2082A03F80B1CDE
:1068700021D002F118030DEB0302A31DDBB2082B9C
:1068800002F80B1C17D01833E21D6B44D2B2082A51
:1068900003F80B1C0FD002F1180308340DEB0302B0
:1068A000E4B2082C02F80B1C05D004F118030DEB20
:1068B000030404F80B1C494C0025256000F02AFB5A
:1068C000474B10F0040118701CD19DF80400BDF86E
:1068D0000820029B022852BA50D05B016180DDB2D1
:1068E000C3F3072020709DF80C203C4965704020C0
:1068F0000DF10D0300F0B6FA812000F0EDFA012051
:1069000007B030BD10F010011AD19DF80400BDF899
:106910000820029B022852BA40D05B016180DDB2A0
:10692000C3F3072121709DF80C202C49657042208B
:106930000DF10D0300F096FA822000F0CDFADEE7AB
:1069400010F0400327D19DF80400BDF80810029A0A
:10695000022849BA35D052016380D5B2C2F307206C
:1069600020709DF80C201D4965700DF10D03442029
:1069700000F078FA842000F0AFFAC0E7190CC900E3
:10698000C3F3014301F0E0051D4308356280EDB219
:10699000C1F30720A6E7284607B030BD190CC9008F
:1069A00001F0E005C3F301431D4308356280EDB2F9
:1069B000C1F30721B6E78DF80D40ADF80E40032373
:1069C00045E7130CDB00C2F3014203F0E005154379
:1069D00008356180EDB2C3F30720C1E758DB002022
:1069E0005CDB002030B58BB0054600F0BBFA3F28D9
:1069F00037D94306044637D400F0C003802B39D082
:106A00009DF805209DF8041004F018045309102C7B
:106A100003EBC1030BD19DF8061002F0030202EB59
:106A200083029DF8073001EB022203EB02239DF85D
:106A30000820DDF80D10DDF80900CDF81D00082A4A
:106A4000CDF821102B80AA7008D822B10DF11D01BC
:106A5000E81CF9F7CFFB01200BB030BD084800F06F
:106A6000A9FA00200BB030BD0D2201A9902000F042
:106A700063F9C5E70D2201A9942000F05DF9BFE795
:106A800044DC000808B500F045FA044A03461070DB
:106A90009B0700F0010048BF013008BD5CDB00200F
:106AA0008278511E034608440029C0784BDD911EB0
:106AB00003EB010C9CF803C04CEA0020002942D0F3
:106AC000995C032A41EA00203DD0111F03EB010C21
:106AD0009CF803C04CEA0020A9B310B4511F5C1805
:106AE000E47844EA002059B3911F5C18E47844EA42
:106AF000002029B3D11F5C18E47844EA0020F9B1E2
:106B0000A2F1080403EB040C9CF803C04CEA00203B
:106B1000B4B1A2F1090403EB040C9CF803C04CEAE5
:106B200000206CB10A3A9C18E47844EA00203AB19B
:106B30001944033311F8012D994242EA0020F9D19A
:106B40005DF8044B7047704770B50F480F4E012237
:106B50000221FBF761FB0E4800F02CFA0A243046B4
:106B6000FDF7A2F80128054604F1FF3307D013F022
:106B7000FF04F4D1074800F01DFA204670BD064816
:106B800000F018FA284670BD00040048CC07002029
:106B900070DC00089CDC000884DC0008F0B531489B
:106BA000304F314E83B000220221FBF735FB022427
:106BB0000A2301220DF107012B488DF80740FCF74D
:106BC00045FC0F200A2301220DF107018DF8070073
:106BD0002548FCF73BFC80200A2301220DF1070128
:106BE0008DF807002048FCF731FC21461D480122A2
:106BF000FBF712FB0A24002202213846FBF70CFBAC
:106C000003250A2301220DF1070130468DF80750B4
:106C1000FCF71CFC0E250A2301220DF1070130466A
:106C20008DF80750FCF712FC0A2301220DF1070131
:106C30003046FCF7B1FE9DF807503846012202218C
:106C400005F0E005FBF7E8FA802D04F1FF3005D0F0
:106C500010F0FF04CFD1204603B0F0BD012003B0F7
:106C6000F0BD00BF00040048CC070020F0B530485C
:106C70002F4E304D83B000220221FBF7CDFA0224C3
:106C80000A2301220DF107012A488DF80740FCF77D
:106C9000DDFB0F200A2301220DF107018DF807000B
:106CA0002448FCF7D3FB00200A2301220DF1070141
:106CB0008DF807001F48FCF7C9FB21461C4801223C
:106CC000FBF7AAFA0A24002202213046FBF7A4FAB5
:106CD00003270A2301220DF1070128468DF80770CA
:106CE000FCF7B4FB0E270A2301220DF10701284609
:106CF0008DF80770FCF7AAFB01220DF107010A23AA
:106D00002846FCF749FE9DF8077030460122022113
:106D1000FBF782FA1F2F04F1FF3005D910F0FF04B2
:106D2000D1D1204603B0F0BD012003B0F0BD00BFBB
:106D300000040048CC0700202DE9F041114FDFF896
:106D4000488082B0154606460C463846002202218D
:106D5000FBF762FA0DF107010A23012240468DF884
:106D60000760FCF773FB2A4621460A234046FCF7DE
:106D700013FE01220221384602B0BDE8F041FBF7C4
:106D80004BBA00BF00040048CC0700202DE9F041B9
:106D9000174F184D82B00C46064600223846022195
:106DA000FBF73AFA4FF002080DF107010A2301221E
:106DB00028468DF80780FCF749FB0DF107010A23EF
:106DC000012228468DF80760FCF740FB0DF1070112
:106DD00028460A2301228DF80740FCF737FB0122E1
:106DE0004146384602B0BDE8F041FBF715BA00BF96
:106DF00000040048CC0700202DE9F043DFF8608054
:106E0000164E83B005461746404600220C46022126
:106E1000FBF702FA4FF002090DF107010A230122E4
:106E200030468DF807900134FCF710FB0DF1070197
:106E30000A23012230468DF80750FCF707FB621B3E
:106E40003946D2B230460A23FCF700FB01224946FC
:106E5000404603B0BDE8F043FBF7DEB9CC070020A5
:106E6000000400482DE9F043DFF86890184C83B027
:106E7000154680460F464846002202211E46FBF773
:106E8000CBF90DF107010A23012220468DF8078076
:106E9000FCF7DCFA39460A2304222046FCF7D6FA2E
:106EA0000DF107010A23012220468DF80750FCF757
:106EB000CDFA2A4631460A232046FCF7C7FA0122BA
:106EC0000221484603B0BDE8F043FBF7A5B900BF77
:106ED000CC0700200004004830B50C4D83B00446B8
:106EE000002228460221FBF797F90DF10701012244
:106EF0000A2307488DF80740FCF7A8FA012202216F
:106F0000284603B0BDE83040FBF786B900040048CE
:106F1000CC07002030B5114C114D83B02046002223
:106F20000221FBF779F9A0218DF807100A230DF152
:106F3000070101222846FCF789FA0A230DF107010F
:106F400001222846FCF728FD2046012202219DF857
:106F50000750FBF761F9284603B030BD0004004834
:106F6000CC07002030B5114C114D83B020460022D3
:106F70000221FBF751F9B0218DF807100A230DF11A
:106F8000070101222846FCF761FA0A230DF10701E7
:106F900001222846FCF700FD2046012202219DF82F
:106FA0000750FBF739F9284603B030BD000400480C
:106FB000CC0700200FB410B582B004AA0C4C52F8D4
:106FC000041B0192204600F0B7FA81B240F60A5C39
:106FD000023024F801C082B24FF0FF332146054849
:106FE000FDF712F802B0BDE8104004B0704700BFD2
:106FF00060DB002048070020FFF7A0BBFFF7F6BBCF
:1070000070B5174D174E84B00524FFF73BFD0346BE
:1070100001A8BBB1FFF7E6FC0128284614D1BDF852
:107020000410092901A806EBC10310D89DF8062019
:1070300093F801C094450ED15B689847631E13F026
:10704000FF04E2D104B070BDFFF7B4FFF6E70648D5
:10705000FFF7B0FFF6E70548FFF7ACFFF2E700BF28
:1070600054DD0008B0DC000800DD000820DD000869
:107070004FF0040C018080F802C011144FEA222C5A
:10708000C270121680F804C041718271704700BF4F
:1070900000B502F00F0242EA0112C270190C1A0A7E
:1070A0008371019B427108224FEA136E0171827055
:1070B00004211A0C83721B0A80F807E00180027217
:1070C00043725DF804FB00BF4FF0030CA0F800C052
:1070D0004FF0020C80F802C0C2700171704700BF0F
:1070E0002DE9F047089D0C46002B4ED194468C4567
:1070F0008646B2FA82F262D94AB1C2F120039140C7
:1071000020FA03F30CFA02FC194300FA02FE4FEADC
:107110001C471FFA8CF6B1FBF7F44FEA1E4307FB3E
:10712000141143EA014304FB06F199420AD91CEB0E
:10713000030304F1FF3080F01281994240F20F8185
:10714000023C6344591A1FFA8EF3B1FBF7F007FBB8
:10715000101143EA014300FB06F69E420AD91CEBDC
:10716000030300F1FF3180F0FC809E4240F2F98081
:10717000634402389B1B40EA044000211DB1D34008
:107180000022C5E90032BDE8F0878B4205D90DB178
:10719000C5E9000100210846F5E7B3FA83F10029AB
:1071A00046D1A34202D39042C0F0F080861A64EB2D
:1071B00003030120002DE6D0C5E90063E3E7002AC0
:1071C00040F09080A1EB0C044FEA1C481FFA8CF7AA
:1071D0000121B4FBF8F64FEA1E4308FB164443EACC
:1071E000044307FB06F0984208D91CEB030306F1A1
:1071F000FF3402D2984200F2CD8026461C1A1FFAB4
:107200008EF3B4FBF8F008FB104443EA044300FBA0
:1072100007F79F4208D91CEB030300F1FF3402D2A9
:107220009F4200F2B0802046DB1B40EA0640A5E703
:10723000C1F120068B4022FA06F71F4320FA06FC14
:1072400004FA01F343EA0C03F44000FA01F8380CA5
:107250004FEA1349B4FBF0FE1FFA87FC00FB1E4403
:1072600049EA04440EFB0CF9A14502FA01F20AD9DD
:107270003C190EF1FF3A80F08480A14540F28180F4
:10728000AEF1020E3C44A4EB09041FFA83F9B4FBEF
:10729000F0F300FB134449EA044403FB0CFCA4454F
:1072A00007D93C1903F1FF3067D2A44565D9023BE9
:1072B0003C4443EA0E40A0FB0293A4EB0C049C4226
:1072C000CE469C4651D34ED055B1B8EB0E0364EB7D
:1072D0000C0404FA06F6CB401E43CC40C5E900641A
:1072E000002150E7C2F1200320FA03F10CFA02FC5E
:1072F00024FA03F394400C434FEA1C4800FA02FEC0
:107300001FFA8CF7B3FBF8F008FB1031230C43EAAB
:10731000014300FB07F1994208D91CEB030300F17C
:10732000FF362CD299422AD9023863445B1AA4B2A0
:10733000B3FBF8F108FB113344EA034401FB07F304
:10734000A34208D91CEB040401F1FF3613D2A34277
:1073500011D902396444E41A41EA004139E704468C
:10736000F0E6084606E7C845AED2B9EB020E63EB7D
:10737000070C0138A8E73146EDE7034699E73046A8
:10738000D4E7D6467FE7634402384DE706462346F6
:1073900008460FE7023E634430E700BF024A034954
:1073A000034800F0E5B800BF58000020499B0008E2
:1073B000680000200C4B4168994210B5044601D08A
:1073C00002F0C2FBA168094B994202D0204602F0AC
:1073D000BBFBE168064B994204D02046BDE8104053
:1073E00002F0B2BB10BD00BFE0DB002048DC002093
:1073F000B0DC00202DE9F843314C324B3248DFF845
:10740000DC90DFF8DC80314F18600025294604232A
:10741000082204F15C002E4EE360C4E90055C4E983
:107420000455A5606566A56100F0C6F804F1580032
:10743000C4E90749C4E90987E66200F06BF9294607
:10744000244B6367082204F1C400C4E91A55C4E957
:107450001E552567C4F8CC50C4F8805000F0ACF835
:1074600004F1680304F1C000C4F88430C4E9229830
:10747000C4E9247600F04EF9174BC4F8DC302946F5
:1074800004F596700822C4E93455C4E93855C4F8A7
:10749000D850C4F83451C4F8E85000F08DF804F125
:1074A000D003C4E93D87C4F8F09004F59470C4F8A3
:1074B000FC60C4F8EC30BDE8F84300F02BB900BF25
:1074C000E0DB002018DD00209D730008F99D000816
:1074D0001D9E00080900010012000200959D000891
:1074E000B99D000810B504460A4800F017F9636B0F
:1074F00023B9094B094A1B68626323B1BDE81040F8
:10750000044800F00DB9FFF775FFBDE810400148D1
:1075100000F006B928DD002018DD0020B573000852
:10752000014800F0FBB800BF28DD0020014800F052
:10753000F7B800BF28DD002070B50B4E9AB00446A6
:1075400013466FF000450A46009404943068074CD7
:10755000029569460595039400F00AFD009B002200
:107560001A701AB070BD00BF640000200802FFFF4F
:107570002DE9F84380460F4616464FF00009D6E93C
:107580000154013D11D4A389012B05F1FF3508D920
:10759000B4F90E300133214603D04046B84749EADA
:1075A00000096B1C04F16804EDD13668002EE6D1A9
:1075B0004846BDE8F88300BF830730B547D0541E66
:1075C000002A3ED0CAB2034601E0013C39D303F899
:1075D000012B9D07F9D1032C2CD9CDB205EB052544
:1075E0000F2C05EB054535D9A4F1100222F00F0C44
:1075F00003F1100EE6444FEA121C1A46156055605E
:107600009560D56010327245F8D10CF1010214F08A
:107610000C0F03EB021204F00F0C13D0ACF10403B7
:1076200023F003030433134442F8045B9A42FBD172
:107630000CF003042CB1C9B21C4403F8011B9C429A
:10764000FBD130BD64461346002CF4D1F9E7034664
:107650001446C0E71A46A446E0E700BF154B1B6876
:10766000834225D0416C70B5054681B100268C5906
:107670003CB121462468284600F0C0F8002CF8D11F
:10768000696C0436802EF2D1284600F0B7F8A96B59
:1076900011B1284600F0B2F8E96C11B1284600F0AB
:1076A000ADF86B6B1BB12846BDE87040184770BD44
:1076B000704700BF64000020014B1868704700BF8E
:1076C0006400002070B50F4B0F4DAB42A3EB0506D5
:1076D00007D0B610002455F8043B01349847A64261
:1076E000F9D806F01DF8094D094B5E1BAB424FEA75
:1076F000A60606D0002455F8043B01349847A6425C
:10770000F9D870BD88E1000888E1000888E1000828
:1077100090E10008704700BF704700BF704700BF8E
:10772000704700BF024B13B1024800F005B8704724
:1077300000000000899F0008002301461A461846F1
:1077400002F068BC2DE9F84306460820894602F09D
:107750000DFCDFF8A4800546304602F0E9F9D8F8C0
:1077600008305F6827F00307A7F11104A4EB0904B0
:107770002C44B4FBF5F4013C05FB04F4A54208DC01
:107780000021304602F0CAFBD8F808303B4498424A
:1077900005D0304602F0D2F90020BDE8F8836142FE
:1077A000304602F0BBFB01300FD0114AD8F8083048
:1077B0003F1B47F001075F60136830461B1B1360D7
:1077C00002F0BCF90120BDE8F8830021304602F048
:1077D000A5FBD8F80820831A0F2BDADD43F001034C
:1077E0005360044B02491B68C01A0860D1E700BF10
:1077F00030DD00208C0100209801002000297CD081
:107800002DE9F0410C46804602F092F954F8043C10
:10781000764FA4F1080523F001016818BE6842689C
:10782000864222F0030200F08380DE07426000EB14
:10783000020C33D454F8084CDCF804302D1B2144DE
:10784000AC6807F1080C644503F0010364D0D5F877
:107850000CE0C4F80CE0CEF80840002B00F081806A
:1078600041F001036B600160B1F5007F22D27868BE
:10787000CB080122490901338A40024357F83310EB
:107880007A6007EBC302083AC5E9021247F83350A1
:10789000CD604046BDE8F04102F050B9DCF804305C
:1078A000DB072BD541F00103B1F5007F44F8043C20
:1078B0000160DCD3B1F5206F4FEA512353D28B091D
:1078C00003F1390003F13802C300F818FB580838F7
:1078D000984203D163E09B68984204D05A6822F032
:1078E00003028A42F7D8D868C5E902308560DD60B6
:1078F0004046BDE8F04102F021B97047114407F15C
:10790000080C836863453FD0C268DA60936041F039
:1079100001036B606950A7E7002B61D10A44D0E9ED
:107920000213CB60996042F001036B60AA50B0E78C
:10793000DB070A4407D454F8083CED1A1A44D5E989
:107940000213CB60996042F001036B60284BBD606D
:107950001B6893429DD8274B40461968FFF7F2FEFB
:1079600097E71144CDE7142B08D9542B1FD80B0BE4
:1079700003F16F0003F16E02C300A6E703F15C00A0
:1079800003F15B02C300A0E741F001033D617D61AB
:10799000C5F808C0C5F80CC06B60695079E7796814
:1079A0009210012404FA02F20A437A609CE7B3F5CC
:1079B000AA7F06D8CB0B03F1780003F17702C3004E
:1079C00083E740F25452934206D88B0C03F17D00BA
:1079D00003F17C02C30078E74FF47E737E2274E7E4
:1079E00041F001036B60016053E700BF9801002084
:1079F0009001002060DD00202DE9F04F01F10B0522
:107A0000162D85B0064624D8102900F2B18002F068
:107A10008FF8102518234FF0020CBA4F3B44A3F106
:107A200008025C68944200F022816368E268A16801
:107A300023F00303CA602344304691605A6842F041
:107A400001025A60083402F079F8204605B0BDE81A
:107A5000F08F35F0070500F18B80A94200F2888095
:107A600002F066F8B5F5FC7FC0F073816B0A00F098
:107A70008380042B00F22281AB0903F1390C03F15E
:107A8000380E4FEACC039F4F3B44A3F108005C68DB
:107A9000A04207D10DE0002AE16880F2E28088422E
:107AA00007D00C46636823F003035A1B0F2AF2DD4C
:107AB000F446DFF864823C69444500F0BF806368A7
:107AC00023F00309A9EB05030F2B00F34781002BDB
:107AD000C7E9048880F23181B9F5007FD7F804E066
:107AE00080F0CC804FEAD90101314FEA59190123C6
:107AF00003FA09F357F83120A2604EEA030E07EBB0
:107B0000C103083BE360C7F804E047F83140D460A4
:107B10004FEAAC0301209840704534D810EA0E0FAC
:107B200007D12CF0030C400010EA0E0F0CF1040CEE
:107B3000F9D007EBCC0A5246E146D1680EE04B681B
:107B400023F00303A3EB050EBEF10F0F0C46C9682B
:107B500000F3C180BEF1000F80F2E2808A42EED1D4
:107B600009F1010919F0030F02F10802E5D121E141
:107B70000C233360002468E74FF400734FF0400C8F
:107B80004FF03F0E7FE7BC68636823F00309A94507
:107B900003D3A9EB05030F2B53DC5B4BDFF87CB160
:107BA0001B68082003F1100802F0E0F9DBF8003050
:107BB00001900133A84404EB090205D008F1FF3815
:107BC0008044434203EA080841463046029202F0EC
:107BD000A5F9B0F1FF3F029A824600F0DC808242B4
:107BE00000F2D780494B01991868404401F1FF31F8
:107BF0001860844640F0FC801AEA010F40F0F880DB
:107C0000D7F808A0C84448F00102CAF80420404B45
:107C10001968814238BF18603E4B1968814238BFED
:107C20001860544622F00308A845A8EB050301D3C9
:107C30000F2B06DC304601F081FF9BE7D7F804E00C
:107C400066E7621943F0010345F0010565603046BF
:107C5000BA60536001F072FF0834204605B0BDE8F9
:107C6000F08FA2682344D16030468A60E6E6DC6883
:107C7000A3427FF4DAAE0CF1020C1AE7B9F5206FDB
:107C80004FEA59227ED3142A00F2158102F15C03D7
:107C9000DB005B32F918FB580839994203D1F0E058
:107CA0009B68994204D05A6822F003024A45F7D8EB
:107CB000D968C4E902318C60DC6029E7142B6DD9E6
:107CC000542B00F201812B0B03F16F0C03F16E0EAC
:107CD0004FEACC03D7E63046A668621945F00105A5
:107CE0006560F1608E604EF00101C7E90422C2F8C0
:107CF0000880C2F80C80516044F803E001F01EFFD8
:107D00000834A2E69801002060DD002030DD00206C
:107D10005CDD002058DD0020A00100208C01002047
:107D2000234430465A6842F001025A6054F8083F32
:107D3000D9608B6001F002FF87E6A1443046D9F894
:107D4000043043F00103C9F80430083401F0F6FEB2
:107D50007BE64FEAD50C05F108035EE6621943F0B5
:107D6000010145F0010565603046C7E90422C2F80B
:107D70000880C2F80C80516044F8093001F0DEFE42
:107D8000083462E64FEA991202F13903DB00383217
:107D900080E7BC4224D0BC68626843E703F15C0C16
:107DA00003F15B0E4FEACC036DE65AF808395345F0
:107DB00040F0D8801CF0030F0CF1FF3CF5D17B683C
:107DC00023EA00037B60400098423FF6DCAE18B91E
:107DD000D9E6400009F104091842FAD0CC46A8E6D9
:107DE000614B0199186808EB000C0139C3F800C019
:107DF000DBF8000001301BBFAAEB02026244CBF8A3
:107E000000A01A601AF00702CDE9022342D0C2F1A5
:107E10000802019B9244D044134408EA01001A1A54
:107E200002EA010B5946304602F078F8421C039BE7
:107E30007AD0A0EB0A0000EB0B081868C7F808A07E
:107E400048F001025844BC42CAF8042018603FF4CC
:107E5000DEAEB9F10F0F42D96168A9F10C0222F030
:107E6000070201F0010111436160A1184FF0050CF8
:107E70000F2AC1F804C0C1F808C04AD8DAF80420B3
:107E8000C5E69210012000FA02F24EEA020EC7F88F
:107E900004E00EE7019B0AEB08020A409A1A02EA84
:107EA000010B5946304602F039F8431C039BC0D100
:107EB000DDF808B0C1E7542A15D84FEA193202F1AB
:107EC0006F03DB006E32E5E6B3F5AA7F15D8EB0B46
:107ED00003F1780C03F1770E4FEACC03D3E50123CD
:107EE000CAF80430A6E6B2F5AA7F25D84FEAD932FF
:107EF00002F17803DB007732CCE640F25452934231
:107F000025D8AB0C03F17D0C03F17C0E4FEACC03BA
:107F1000B9E5304604F108010193FFF76FFC019BBE
:107F2000D7F808A01868A9E7029A083A9044A8EB85
:107F30000A084FF0000B80E740F254539A420DD8E4
:107F40004FEA994202F17D03DB007C32A2E64FF456
:107F50007E734FF07F0C4FF07E0E94E54FF47E73EE
:107F60007E2297E67B682EE730DD002000000000CF
:107F70002DE9F04F2DED028BD9B00C4605919146BD
:107F80000993834601F088FF036816931846F8F7B3
:107F900037FA08221490002128A8FFF70DFBA389C7
:107FA0001A0603D52369002B00F092879FED807B92
:107FB0000023CDE92D33CDE91733CDE919338DED0C
:107FC000127B2FAA0F932C92904615930693CDF80F
:107FD0000CB04D46039F2E46774BD3F8E44001F09A
:107FE00055FF034628A80090324624A93846A047EA
:107FF000002800F0A980C0F29F80249A252A034619
:1080000001D01E44E8E7771B044640F0A08000231F
:108010008DF88730994607934FF0FF3273780492BA
:10802000741C0134A3F120025A2A00F2C780DFE851
:1080300012F0F002C500C500EC02C500C500C50085
:108040006A00C500C50053026202C5005E02FE025E
:10805000C500FA025B005B005B005B005B005B003D
:108060005B005B005B00C500C500C500C500C50026
:10807000C500C5004601C500D201180346014601EE
:108080004601C500C500C500C500E802C500C50021
:108090006702C500C500C500FC01C500D502C500CA
:1080A000C5001007C500C500C500C500C500C50056
:1080B000C500C5004601C500D2012E024601460199
:1080C000460198022E027F00C500B102C500A2023F
:1080D0000407C3027F00C500FC017D000B07C5003B
:1080E000C5003407C5007D00A3F13002002114F85B
:1080F000013B01EB810102EB4101A3F13002092AAE
:10810000F5D907918EE7039F384601F0C5FE436815
:1081100019931846F8F774F91A900646384601F094
:10812000BBFE83681793002E40F02086237878E703
:10813000237849F0200974E70822002128A8FFF7D6
:108140003BFA01231E4447E7771B044611D02E9BC0
:108150003B442E932D9B0133072BC8E900572D93E9
:108160001ADC08F10808069B3B440693002C7FF4B8
:108170004EAF2E9BDDF80CB0002B41F0F581059B36
:108180009B8903F04003002B41F0D083069859B03F
:10819000BDEC028BBDE8F08F059903982CAA02F084
:1081A0007FFF0028EBD10DF1BC08DCE7AFF30080C6
:1081B0000000000000000000A0050020CDE90A3406
:1081C000002BD6D000228DF8FC3001238DF88720BB
:1081D000029308929B46049210920C920E923FAD2D
:1081E00019F0020302D002990231029119F08407BA
:1081F0002E9C05D1079902980E1A002E00F3AA8032
:1082000082B10122C8F804202D9A013201340DF107
:108210008701072A2E942D92C8F8001000F30584D8
:1082200008F1080883B12D9B22AA01330234C8F853
:108230000020072B4FF002022E942D93C8F8042043
:1082400000F3E78308F10808802F00F0C082049B48
:10825000A3EB0B06002E00F3FF8219F4807F40F0A1
:1082600019822D9BC8F8005001335C44072BC8F8D5
:1082700004B02E942D9300F36C8308F1080819F0D4
:10828000040F05D0079B029A9D1A002D00F3DC8392
:10829000DDE9063202998A42ACBF9B185B1806934F
:1082A000002C40F0188300232D93089B1BB10899E4
:1082B0000398FFF7A3FA0DF1BC080B9D8AE6CDE900
:1082C0000A34099B073323F00703B3EC027B57EC16
:1082D000176B099327F000431F938DED1E7ADDE99C
:1082E0001EABB14B4FF0FF32504659468DED127B1D
:1082F000F8F748FD002840F04685AB4B4FF0FF32C1
:1083000050465946F8F720FD002840F03C850022F1
:10831000002330463946F8F70DFD002841F0518022
:108320009DF88720A14DA24B29F080090A99472981
:10833000C8BF1D4600230321089302918B46049376
:1083400010930C930E93002A3FF44AAF029B013323
:10835000029345E7102E2D9A41F3818295481D9591
:10836000CDE91B372146059D039C11904FF0100A63
:10837000074604E0103E102E08F1080816DD013211
:108380001031072AC8E9007ACDE92D21F2DD2CAAA7
:10839000294620460DF1BC0802F082FE002840F07C
:1083A000F086103E102EDDE92D21E8DCDDE91B37DB
:1083B0001D9D0C4601321199C8F800103444072A5B
:1083C000CDE92D24C8F8046000F3CA869DF8872003
:1083D00008F1080814E7099A432BCDE90A3402F1A1
:1083E000040403D019F0100F00F05C85082200216E
:1083F0002AA8FFF7E1F8099B03981A683FAD2AAB5A
:10840000294601F0D5FDB0F1FF3F834601F0898296
:1084100020EAE0730293002209948DF887200892E5
:10842000049210920C920E92DAE6099E56F8045BC2
:10843000CDE90A3400238DF88730002D00F05785F0
:108440000A9B532B00F0B98619F010030E9340F0ED
:10845000B486049B5A1C01F092800E991A46284655
:10846000F7F766FF0890002801F0F882089B09964C
:10847000A3EB050B0E9B04932BEAEB7110930C936B
:10848000089373239DF8872002910A935BE719F004
:10849000200FCDE90A3400F0EC80099B073323F06C
:1084A00007031A46596852F8083B09920A46002900
:1084B000C0F219840499013100F09C8253EA020150
:1084C00029F0800440F09782049A002A40F09882B4
:1084D000A146934658AD51E1099B53F8042B0792EE
:1084E000002A80F22484079A099352420792237843
:1084F00049F0040995E52B238DF88730237890E522
:10850000CDE90A3449F0100919F0200200F0B483D3
:10851000099B073323F0070319465A6851F8083BB3
:10852000099129F4806400210020049D8DF88700C2
:108530006F1C00F00C8153EA020024F0800940F027
:108540000581002D40F02786002940F0C88314F0F3
:10855000010B00F0F08330238DF85F310DF25F15D1
:108560000CE12378682B03BF637849F40079013468
:1085700049F0400955E519F0200F0B9400F0E58310
:10858000099B069A1B681A60D2175A60099B04332C
:10859000099392E623786C2B03BF637849F0200996
:1085A000013449F010093CE5FFFFEF7F88DD00084A
:1085B0008CDD0008DCDD0008099A0B9452F8043BBE
:1085C000099247F63002ADF888207820A84A159223
:1085D00049F00204002202210A90A5E7CDE90A34FD
:1085E00049F0100414F0200200F05583099B073372
:1085F00023F0070319465A6851F8083B09910121F5
:1086000092E7237849F008090BE5237849F001093E
:1086100007E59DF887202378002A7FF402AD202209
:108620008DF88720FDE4237849F08009F9E421469C
:1086300011F8013B2A2B01F03482A3F13002092A00
:108640000C4698BF002101F23B8114F8013B01EB7D
:10865000810102EB4101A3F13002092AF5D904910D
:10866000E0E449F0100919F0200FCDE90A347FF455
:1086700014AF099A19F0100F52F8043B099240F018
:10868000608319F0400F00F0588343F3C032114665
:108690001BB20CE70A9B652B40F36681DDE91201F2
:1086A00000220023F8F73CFB002800F011822D9BEC
:1086B000704AC8F80020013301340122072B2E94A0
:1086C0002D93C8F8042000F36B8508F10808239B5C
:1086D0000F9A934280F22683149B169A1C44C8E991
:1086E00000232D9B2E940133072B2D9300F3E4835D
:1086F00008F108080F9B5D1E002D7FF7C0AD102DFF
:108700002D9B40F3AD855C4FDDF80CB0DDF814A077
:108710001197102605E008F10808103D102D40F3D0
:10872000A18501331034072BC8E90076CDE92D343B
:10873000F1DD2CAA5146584602F0B2FC002840F068
:10874000C082DDE92D340DF1BC08E6E74C46012975
:1087500000F05181022958AD1ED1159803F00F0188
:108760001B09415C05F8011D43EA0273120953EA33
:108770000201F3D158ABA146A3EB050B04999DF878
:10878000872059454FF00003B8BF5946089302911E
:1087900010930C930E93D6E503F00701DB0843EA30
:1087A0004273D208303153EA0206284605F8011D0B
:1087B000F2D1E607DED53029DCD03023023805F8C7
:1087C000013C58ABA146A3EB000B0546D6E7079B3F
:1087D000029A9E1A002E7FF73AAD102E2D9B41F380
:1087E000AA802548DDF80CA01190214610271A46D2
:1087F000044604E0103E102E08F1080816DD013290
:108800001031072AC8E90047CDE92D21F2DD05998D
:108810002CAA50460DF1BC0802F042FC002840F0A2
:10882000B284103E102EDDE92D21E8DC0C46134603
:108830000133119AC8F800203444072BCDE92D34B8
:10884000C8F8046000F31C85049BA3EB0B06002E04
:1088500008F108087FF701AD074A2D9B1192102EF1
:108860002ADD2246039F059C4FF0100A0BE000BF53
:1088700098DD0008C8DD0008CCDD0008103E102E91
:1088800008F1080817DD01338E491032072BC8E9BB
:10889000001ACDE92D32F1DD2CAA2146384602F02E
:1088A000FFFB002840F00C82103E102EDDE92D3237
:1088B0000DF1BC08E7DC14460133119AC8F800201A
:1088C0003444072BCDE92D34C8F8046000F3C78188
:1088D00008F10808C1E4059903982CAA02F0E0FB0E
:1088E00000283FF4E0ACDDF80CB0EAE12D9B7649BE
:1088F000C8F80010013301340121072B2E942D9369
:10890000C8F8041000F3738508F10808002A40F045
:10891000E5840F9A09F0010313433FF4B0AC149BB4
:10892000169A1C44C8E900232D9B2E940133072B73
:108930002D9300F3438608F108080F9AC8F80050F9
:1089400001331444072BCDE92D34C8F804207FF7F8
:1089500094AC059903982CAA02F0A2FB0028C2D17E
:108960002E9C0DF1BC088AE40F9B2D9E012B04F177
:10897000010406F1010608F1080740F329810123EB
:10898000072ECDE92D64C8F80050C8F8043000F374
:10899000B181149B169A01361C44072EC7E90023A7
:1089A000CDE92D6400F3B28108370F9BDDE9120198
:1089B00003F1FF3800220023F8F7B2F9002840F055
:1089C0002181013601354444072ECDE92D643D60F7
:1089D000C7F8048000F30A810837189B7B600136D2
:1089E0001C44072E26ABCDE92D643B60B1DC07F1BA
:1089F000080844E44C460A2B72F1000180F05383CE
:108A000030338DF85F31A1464FF0010B0DF25F1549
:108A1000B4E6059903982CAA02F042FB00287FF4E3
:108A200062AF2E9C0DF1BC080EE4059903981193DA
:108A30002CAA02F035FB00287FF455AF2E9C119B29
:108A40000DF1BC08FFF7EEBB102D2D9B40F33C87CA
:108A50001E4FDDF80C90DDF814A01197102604E0ED
:108A6000103D102D08F1080816DD01331034072BD6
:108A7000C8E90076CDE92D34F2DD2CAA51464846EE
:108A80000DF1BC0802F00CFB002840F0E783103D1C
:108A9000102DDDE92D34E8DC0133119A2C44072B2D
:108AA000C8E90025CDE92D347FF7F2AB059903988D
:108AB0002CAA02F0F5FA00287FF415AF2E9CFFF7E0
:108AC000E7BB00BFCCDD0008C8DD0008DCDD000826
:108AD000239A002A7FF70AAFDDE90E739F42A8BFF1
:108AE0001F46002F05EB030B0BDD2D9B01333C4490
:108AF000072BC8E900572E942D9300F3448608F104
:108B000008080E9E002FA8BFF61B002E00F300825F
:108B10000E9B19F4806F2B449A4640F02182239DCE
:108B20000F9B9D4203DB19F0010F00F06E84149B34
:108B3000169A1C44C8E900232D9B2E940133072B61
:108B40002D9300F37E8608F108080F9BABEB0A0615
:108B50005D1BAE42A8BF2E46002E0DDD2D9BC8F832
:108B600000A001333444072BC8F804602E942D93E1
:108B700000F3798608F10808002EA8BFAD1B002D70
:108B80007FF77DAB102D2D9B40F36A83AD4FDDF851
:108B90000CB0DDF814A01197102605E008F10808C4
:108BA000103D102D40F35E8301331034072BC8E9CC
:108BB0000076CDE92D34F1DD2CAA5146584602F05D
:108BC0006FFA00287DD1DDE92D340DF1BC08E7E70F
:108BD00019F0010F7FF4D3AE0123072ECDE92D64E8
:108BE000C8F80050C8F804307FF7F7AE059903982D
:108BF0002CAA02F055FA00287FF475AEDDE92D6449
:108C00002FAFEAE60F9B012B7FF7E7AE112B8D4BC1
:108C1000119340F35783CDF81090DDF80CA0DDF8E8
:108C200014B01025994606E00837A8F11008B8F1ED
:108C3000100F40F3458301361034072EC7E9009525
:108C4000CDE92D64F0DD2CAA5946504602F028FAF1
:108C5000002840F09882DDE92D642FAFE5E7059903
:108C600003982CAA02F01CFA00287FF43CAE2E9C3C
:108C70000DF1BC08FFF7F1BA099951F8043B0991CD
:108C800019F010017FF44DAC19F0400000F0628340
:108C90009BB20A4645E4099951F8043B099114F046
:108CA00010010BD114F0400003D00A469BB2012101
:108CB0003AE414F400721CBFDBB20246012133E433
:108CC000BB46089B002B3FF45AAA08995846FEF76A
:108CD00095FD059B9B8903F04003FFF754BADDF82F
:108CE00010B058AD4AE55B4262EB42024C462D2083
:108CF00001211AE4059903982CAA02F0D1F9002861
:108D00007FF4F1ADDDE92D642FAF42E605990398BC
:108D10002CAA02F0C5F900287FF4E5ADDDE92D6449
:108D20002FAF42E619F0010F3FF4A9AAD4E409934A
:108D30002378FFF776B958AD20E519F4007F40F0AD
:108D40007383DA171146FFF7B2BB19F0100F40F02A
:108D5000B18219F0400F40F0618319F4007F00F0F8
:108D6000A982099B069A1B681A700FE4179A237848
:108D7000002A3FF456A91278002A3FF452A949F478
:108D80008069FFF74EB9DDE9120102460B46F7F79D
:108D9000F9FF002840F018860A9B612B00F0088537
:108DA000412B00F08B85049B013300F015840A9B56
:108DB00023F02003472B04D1049B002B08BF012381
:108DC0000493DDE9120149F4807200291192C0F286
:108DD0002985002341EC180BCDF808901B930893CC
:108DE0000A9B413B252B00F22783DFE813F00004A8
:108DF000250325032503F903FD0325032503250387
:108E00002503250325032503250325032503250322
:108E10002503250325032503250325032503250312
:108E20002503250325032503250325032503250302
:108E3000250325032503F903FD03CDE90A34FFF7D4
:108E400063BB00BFCCDD0008CDE90A344C46FFF718
:108E5000C9BBCDE90A34BD4B159319F0200200F0CF
:108E60000881099B073323F0070319465A6851F814
:108E7000083B099119F0010F0AD053EA020107D00B
:108E80000A998DF88910302149F002098DF888106F
:108E900029F480640221FFF747BBCDE90A34AC4BCB
:108EA0001593DAE7099B1B688DF8FC3001230293C8
:108EB0009B463FADFFF7AFBA059903982CAA02F085
:108EC000EFF800287FF40FAD2E9C0DF1BC0811E4E3
:108ED00040215846FEF790FD059B18601861002858
:108EE00000F01C86059A40235361FFF75FB8049B8E
:108EF0000895062B294628BF062304952A46029387
:108F0000944D09969B4610910C910E91FFF71BBA58
:108F1000102E2D9B40F3F3858F48DDF80CA01190A7
:108F200042462146A846059C1027054604E0083223
:108F3000103E102E40F3238201331031072BC2E97B
:108F40000057CDE92D31F2DD2CAA2146504602F022
:108F5000A7F8002840F01781DDE92D312FAAE7E7B7
:108F600021461C460C9BCDF810B0CDF82890424607
:108F7000794FDDF84090DDF86880DDF85CA0DDF821
:108F80000CB083B3B9F1000F00F0FF8009F1FF3995
:108F90002D98199B013041440728C2E900382E91D1
:108FA0002D9075DC0832049B9AF800001E1B864247
:108FB000A8BF0646002E0CDD2D980130314407284D
:108FC000C2E900462E912D9000F367819AF80000C7
:108FD0000832002EACBF851B0546002D13DC04446F
:108FE0000C9B002BCED1B9F1000FCFD1DDF810B022
:108FF000CDF85CA0A246DA45DDF8289090460C46F4
:1090000028BFDA468BE5102D2D9840F3478523467F
:109010003E462C461D4604E0103C102C02F108028E
:1090200016DD0130103110230728CDE92D0117601E
:109030005360F1DD05992CAA584602F031F800285A
:109040007FF43FAE103C102CDDE92D012FAAE8DCA7
:109050002B4625461C46013029440728CDE92D0121
:109060001660556000F381839AF8000008320444CA
:10907000B6E7099951F8043B099119F010017FF402
:10908000F9AE19F0400000F05F819BB20A46F1E6AC
:1090900005992CAA584602F003F800287FF411AE77
:1090A0002E992FAA7FE704F4806B0021CDF8208051
:1090B000DFF8A890DDF85C80029458AD4FF0CC3A10
:1090C00005278C465E4605E00A2B72F1000233D379
:1090D0005B462246991841F10001A9FB010424F0E6
:1090E000030000EB9400091A581A62F1000E0AFB03
:1090F00000F4A0FB09B009FB0E440BF0010E044480
:10910000AEFB070E40184FEA5B0B303005F8010C40
:109110004BEAC47B0CF1010C013D6408002ED3D056
:1091200098F800108C45CFD1BCF1FF0FCCD00A2BA2
:1091300072F1000280F03681CDF85C80029CDDF88F
:109140002080CDF83CC0FFF715BB00BFACDD0008A8
:1091500098DD0008C0DD0008CCDD0008CDCCCCCC0B
:109160000599039811932CAA01F09AFF00287FF427
:10917000BAAB9DF887202E9C119B0DF1BC08FFF720
:109180003FB8A3469DE5D3469BE50C9B013B0AF106
:10919000FF3A0C93FCE601294C467FF4DBAA2FE44E
:1091A000059903982CAA01F07BFF00287FF49BAB64
:1091B0002E9C0DF1BC08FFF78ABA2AAF08220021C5
:1091C00038462595FEF7F8F9049B581C00F0C98035
:1091D0000024CDF80890A346DDF80C909A460CE0E8
:1091E0003FA9484600F0E4FE411C584400F0998332
:1091F000504508DC00F04C848346259A12593B46C2
:109200000434002AECD1DDF80890BBF1000F00F027
:10921000DD80BBF1630F00F3B981002308933FADFC
:10922000082200213846FEF7C7F9039800975B46ED
:1092300025AA294600F0E2FE834540F0668400231B
:1092400005F80B302BEAEB719DF887200996049303
:10925000029110930C930E93FFF775B8CB4630E54F
:10926000744A11920133119AC8F800202C44072B3C
:10927000C8F80450CDE92D347EF7FFAFFFF769BB86
:10928000059903982CAA01F00BFF00287FF42BAB63
:109290002E9C0DF1BC08FEF7DABF05992CAA5846A2
:1092A00001F0FEFE00287FF40CAD9AF800002E9924
:1092B0002FAA8EE6099B069A1B681A60FFF766B90B
:1092C000DDF81090119B3B6001364444072ECDE938
:1092D0002D64C7F804807FF77FAB87E4149B169951
:1092E0001C44C8E900132D9B2E940133072B2D93AA
:1092F00000F3648108F10808002ABFF61EAB56424D
:1093000010324C4A119280F2F282AA46102715467A
:1093100005E008F10808103E102E40F3E782013303
:109320001034072BC8E90057CDE92D34F1DD05993C
:1093300003982CAA01F0B4FE00287FF4D4AADDE93A
:109340002D340DF1BC08E6E719F400721CBFDBB246
:1093500002468FE519F400721CBFDBB20246FFF72C
:10936000E0B800230398009725AA194600F046FEAE
:10937000B0F1FF3F834600F0D482259545E745468E
:109380000C4690460133119AC8F800203444072B4C
:10939000CDE92D34C8F8046000F3038108F1080812
:1093A000FFF7B6BB1A9B1999ED1A1A46284600F02A
:1093B00039FD98F801300BB108F101084FF0000CAD
:1093C00086E62D228DF88720FEF7ACBF9DF887201A
:1093D0000996CDF808B0CDF810B0CDF840B0CDF872
:1093E00030B0CDF838B0CDF820B0FEF7ACBF05995D
:1093F00003982CAA01F054FE00287FF474AA239A43
:109400002E9C0DF1BC08FFF781BA0F9BABEB0A064F
:109410005D1BAE42A8BF2E46FFF7AEBB099B069A66
:109420001B681A80FFF7B2B843F3C01211465BB253
:10943000FFF73DB8CCDD0008049E02212AAB019362
:1094400025AB00930398B0EE480AF0EE680A23AB10
:10945000324600F0E9FE0A9B672B054600F03F818B
:109460000A9B472B00F03B810A9B23F02007462FE5
:1094700000EB060405D10378302B00F0FC82239E1C
:10948000344451EC180B00220023F7F749FC002864
:1094900000F0438123465B1B0F93239A0E92472FC4
:1094A00000F02581462F00F0EE810A99531E6129B4
:1094B000239300F02283412940F024815021012090
:1094C000002BB6BFC2F101032B222D22092B8DF8F0
:1094D00098108DF8992040F332820DF1AF04B04E10
:1094E00022461046A6FB0312D20802EB8201A3EB30
:1094F0004101303100F8011C19466329134600F17F
:10950000FF32EEDC303302F8013C831EA34280F0D0
:10951000F9820DF1990213F8011B02F8011FA34211
:10952000F9D158AB181AA0F1AD0318930F9B189AF4
:10953000012B03EB020B40F33582149B9B44029BEF
:1095400023F4806343F480792BEAEB7200231093B9
:1095500002920C930E931B9B002B40F0D7809DF83A
:1095600087200493FEF7EFBE059C2CAA214658469F
:1095700001F096FDA38903F04003FEF704BE2846E0
:109580000996F6F73DFF8346FEF774BF03980BF18B
:109590000101FEF731FA0546002800F0C28108906B
:1095A0003EE6059903982CAA01F07AFD00287FF485
:1095B0009AA92E9C0DF1BC08FFF7AABA0599039849
:1095C0002CAA01F06DFD00287FF48DA9DDE92D3472
:1095D000239A0DF1BC088FE606230493FFF7F1BB35
:1095E000049B02215E1C29E7049E032126E723A891
:1095F000B0EE480AF0EE680A00F04CFD00224FF091
:109600007F5351EC100BF7F723F902460B46CDE9D7
:109610000C2300220023F7F783FB002840F0C781CA
:10962000604B0E93049BCDF83C8003F1FF392E462E
:109630001095DDF838B04D46DDE90C8905E00022D3
:109640000023F7F76DFBF0B93D46574B002240462B
:109650004946F7F7FDF889468046F7F7A9FB044627
:10966000F7F78CF80B46024649464046F6F738FFB6
:109670001BF80430B24606F8013B6B1C05F1FF37BE
:1096800080468946DBD1CB465746C246474BDDF87C
:109690003C80002250465946A946109DF7F768FBCA
:1096A000002840F05A81414B504659460022F7F7B6
:1096B00037FB10B1E20700F15081B9F1000FC0F2A1
:1096C000668109F101033344302206F8012BB342CD
:1096D000FBD15B1B0F930A9B23F02007DDE6029B67
:1096E000DB0700F100812A9B239A5B1B0F93D31C9D
:1096F0000E9202DB049B93421BDA0A9B023B0A9305
:10970000531E23939DF828100020D9E62D22002314
:109710008DF887200493FEF719BE2A9BA342BFF45D
:10972000BAAE30215A1C2A9219702A9B9C42F9D851
:10973000B1E60F998A42C0F2CB80029BDE0740F16E
:109740008B81149B02EB030B029B5C0502D5002A64
:1097500000F354812BEAEB730293DDF84490672306
:109760000A93002310930C93F5E605992CAA58460A
:1097700001F096FC00287FF4A4AA9AF800002E9924
:109780002FAA04442CE4059903982CAA01F088FC24
:1097900000287FF4A8A82E9C0DF1BC08FFF7B1B9F2
:1097A000CDCCCCCCACDD0008000030400000E03F68
:1097B00078238DF8893030238DF8883049F0020302
:1097C0000293049B632B00F3E480002308933FADD6
:1097D00049F481731193139B002B27DB9DED128BB2
:1097E00000231B930A9B612B7FF4FAAAB0EE480A70
:1097F000F0EE680A23A800F04DFC00224FF07F53E2
:1098000051EC100BF7F724F802460B46CDE90C2378
:1098100000220023F7F784FA002840F0C880AB4B01
:109820000E93FFE60023CDF808900893DDE912348B
:1098300008EE103A04F1004308EE903A2D231B93F2
:10984000D0E7059903982CAA01F02AFC00287FF4A0
:109850004AA8239D2E9C0DF1BC08FFF776B99C49C0
:109860001191FEF7A7BD059903982CAA01F018FCE9
:1098700000287FF438A8239D0F9B2E9C5D1B0DF1C3
:10988000BC08FFF779B9029B0E99049A03F0010313
:10989000002943EA020340F30F81002B40F0D580FA
:1098A0006623DDF838B00A93029B5A0500F1A880C0
:1098B0002BEAEB73DDF84490029352E7582378E7E4
:1098C00000220492FEF7AEBB814A1192FFF7E4B882
:1098D0000F9B149A03EB020B0E9B002B40F383802B
:1098E00067230A93E0E7AC194727CAE555460133D9
:1098F000119AC8F800203444072BCDE92D34C8F85C
:1099000004607FF718A8059903982CAA01F0C8FBFA
:1099100000287EF4E8AFDDE92D340DF1BC08FFF737
:109920000CB8059A938943F0400393814FF0FF33BD
:109930000693FEF72BBC674A1192FEF779BF002809
:109940003FD130228DF89A200DF19B02303302F87E
:10995000013B26ABD31A1893E8E50E9B2A97D97BD7
:1099600016F8012C8A42334609D1302003F8010C45
:109970002A9B5A1E2A9213F8012C9142F6D0392ABA
:109980000BBF0E9A0132927AD2B203F8012C334601
:109990009FE60398591CFEF72FF805460028C0D013
:1099A000089015E7029BDF077FF5C9ADC5E54A4B77
:1099B000464A0A99612918BF1A4601230E92239339
:1099C00030E60DF19A02C1E7139B444D002BB4BF62
:1099D0002D229DF88720424BB8BF8DF8872029F0B3
:1099E0008009FEF7A3BCC3F101039B442BEAEB7390
:1099F00002936723DDF844900A93B2E667230A9343
:109A000017990B78FF2B00F08D8000240E9A2046CA
:109A100003E001300131FF2B08D0934206DAD21A5D
:109A20004B78002BF5D10B780134F4E717910C90AB
:109A300010940E92DDE910390C9A13441A9A02FB25
:109A400003BB2BEAEB73029385E5149BCF183A44D2
:109A5000662393460A9327E7934675E6049B029391
:109A60009B4673239DF887200996049010900C90D4
:109A70000A93FEF768BC51EC180B00220023F7F79D
:109A80004FF900287FF4FBACC6F101062396F7E4FA
:109A9000DDF80890DDF810B0FFF7B7BB0D4EFFF70B
:109AA000DABA099A63780C4652F8041B099241EA23
:109AB000E1710491FEF7B5BADDF8449093B9012342
:109AC000662202930A929B464BE600BF98DD00088F
:109AD000DCDD0008CCDD0008ACDD000890DD00080E
:109AE00094DD0008149B5F1C049B3B449B4623EAC7
:109AF000E373029366230A9333E67021DFE40B4A93
:109B000011923FE40223189310E5059ADDF80CB09A
:109B1000938943F040039381FFF7D3B80C23CBF82C
:109B2000003003E7002310930C9383E7CCDD00089B
:109B30000148FDF7F3BD00BF20DD00200148FDF71F
:109B4000EFBD00BF20DD002070B500293FD00546E5
:109B50000C4610B1436B002B3CD0636EB4F90C2063
:109B6000DE0732D4900538D52146284600F04CF85F
:109B7000E36A064633B1E169284698470028B8BF32
:109B80004FF0FF36A3891A0639D4216B41B104F195
:109B90004003994202D02846FDF730FE002323639C
:109BA000616C21B12846FDF729FE00236364FDF7AF
:109BB000B7FC636E0022DB07A2811CD5A06DFDF708
:109BC000ABFDFDF7B3FC304670BD002ACCD10026BA
:109BD000304670BDFDF786FCBFE7A06DFDF79EFD2A
:109BE000B4F90C30002BBFD1636ED907EFD4A06D50
:109BF000FDF796FDEBE7A06DFDF792FDDEE721692D
:109C00002846FDF7FBFDC0E7B1F90C202DE9F04136
:109C10000C46110780464BD4616842F4006300296A
:109C2000A38160DDA56A002D3FD0002112F480528F
:109C3000D8F80060C8F80010E16961D101234046FE
:109C4000A847431C02466BD0B4F90C30A56AE16901
:109C50005F0705D56368D21A236B0BB1E36BD21A89
:109C600000234046A847451C4CD1D8F800101D29B8
:109C70003DD8324AB4F90C300A4112F0010238D111
:109C800062602269226023F40062A281DA0452D465
:109C9000216BC8F8006041B104F14003994202D041
:109CA0004046FDF7ABFD002323630020BDE8F081B3
:109CB0002669002EF9D02568266091070CBF6369DC
:109CC0000023AD1BA3600BE02B463246E169676AB7
:109CD0004046B847B0F1000CA5EB0C05664406DD24
:109CE000002DF1DCE1E7E16B00299BDCDDE7B4F955
:109CF0000C3043F04003A3814FF0FF30BDE8F0810A
:109D0000226DA5E7B4F90C302269226023F40062C9
:109D1000A281DB044FF000026260B9D52065B7E78D
:109D2000D8F80030002B8FD01D2B01D0162BDED1A0
:109D3000C8F80060B9E70029AAD1EFE7FEFFBFDF4E
:109D400038B50C46054608B1436B03B3B4F90C00B3
:109D500088B1636EDB0701D481050FD52846214603
:109D6000FFF752FF636EDA07054602D4A3899B050D
:109D700008D5284638BD0546284638BDA06DFDF7F4
:109D8000CDFCEBE7A06DFDF7CBFC284638BDFDF719
:109D9000A9FBDBE710B50C46B1F90E1000F0A8F8EE
:109DA000002803DB236D0344236510BDA38923F43E
:109DB0008053A38110BD00BF2DE9F0410C46B1F9DD
:109DC0000C101F46CB05054616460BD421F48051D6
:109DD000A1813B46B4F90E1032462846BDE8F04159
:109DE00000F0AEB8B4F90E100223002200F06AF8B9
:109DF000B4F90C10EAE700BF10B50C46B1F90E102B
:109E000000F060F8B4F90C30421C0EBF23F480530C
:109E100043F480532065A38110BD00BFB1F90E103B
:109E200000F03EB840EA01039B0710B501D1032AB8
:109E300017D8844601F1FF3E07E01EF8011F03F822
:109E4000011B541E29B19C4622466346002AF4D1C8
:109E500010BD9444002CFBD003F8011B6345FBD1DB
:109E600010BD8E468446DEF80040A4F1013323EA9B
:109E7000040313F0803F71460EF1040EDAD1043A68
:109E8000032A4CF8044BEED87146D3E7014B93F804
:109E900028017047A0050020004870479006002068
:109EA00038B5074D0022044608462A60F7F754FBF0
:109EB000431C00D038BD2B68002BFBD0236038BD7D
:109EC0001CDD002038B50C46084D8446114620465E
:109ED0001A4600232B606446F7F74AFB431C00D068
:109EE00038BD2B68002BFBD0236038BD1CDD002063
:109EF00038B50C46084D8446114620461A460023C4
:109F00002B606446F7F70CFB431C00D038BD2B6870
:109F1000002BFBD0236038BD1CDD002038B5074D79
:109F20000022044608462A60F7F724FB431C00D0B1
:109F300038BD2B68002BFBD0236038BD1CDD002012
:109F400038B50C46084D8446114620461A46002373
:109F50002B606446F7F7F2FA431C00D038BD2B683B
:109F6000002BFBD0236038BD1CDD0020082802D167
:109F70004FF48050704708B5FDF79EFB1623036031
:109F80004FF0FF3008BD00BF38B5074D074C2C1B04
:109F9000A41005D0013C55F8043D9847002CF9D198
:109FA000BDE8384003F0C2BB94E1000890E100082E
:109FB00070B5054684B05BB11C460F4BD3F8E0602A
:109FC000234669B12846B047431C0FD004B070BD8A
:109FD000094B00F58274D3F8E06023460029F1D1E3
:109FE0000A46284601A9B047431CEFD100228A2324
:109FF00022602B6004B070BDA005002010B582B0B7
:10A00000049CCDE900344FF0FF3301F037FF02B07C
:10A0100010BD00BF2DE9F8431B4D06462868984641
:10A020000F469146FDF77AFB184B1C681CB3286855
:10A0300065681F2D22DC4EB96B1C0235636044F845
:10A040002570FDF76DFB0020BDE8F88304EB85016A
:10A050000123C1F88890D4F88821AB401A43022E1E
:10A06000C4F88821C1F80881E6D1D4F88C211A43BC
:10A07000C4F88C21E0E7064C1C60D8E7FDF750FBE4
:10A080004FF0FF30E0E700BF880100202CDD00200A
:10A0900064DD002053EC102B70B5154E23F0004109
:10A0A0000025B142044605601FD816460E431CD059
:10A0B000104E1E4018465EB91046194600220E4B3F
:10A0C000F6F7C6FB6FF035050246084621F0004161
:10A0D00020F0FF40091520F4E000A1F2FE3140F02D
:10A0E0007F53294443F40013216043EC102B70BDCF
:10A0F000FFFFEF7F0000F07F000050432DE9F04F9D
:10A1000003690C69A34283B0C0F28A80013C01F16B
:10A11000140500F1140855F8243058F824200133B0
:10A120009A428E4681464FEA840105EB840708EB8C
:10A13000840AB2FBF3F63AD3CDE900150022AC460F
:10A14000404613465CF8041B05681FFA81FB06FBBA
:10A150000B22090C4FEA124B06FB01BB92B2A9B2CB
:10A16000891A19441FFA8BF3C3EB214303EB154300
:10A1700089B241EA0341674540F8041B4FEA1B429C
:10A180004FEA2343DED2DDE9001558F8013073B9F8
:10A19000AAF1040AD04504D307E0D04504F1FF3406
:10A1A00003D25AF80439002BF7D0C9F81040714691
:10A1B000484601F081FA00282EDB4146002255F87E
:10A1C000040BD1F800C01FFA80FE1FFA8CF3A3EB3A
:10A1D0000E031344020CC2EB234202EB1C429BB25F
:10A1E00043EA0243AF4241F8043B4FEA2242E6D23F
:10A1F00058F8242008EB84036AB9043B984504D33B
:10A2000007E0984504F1FF3403D253F80429002AEB
:10A21000F7D0C9F810400136304603B0BDE8F08FE2
:10A22000002003B0BDE8F08F2DE9F04F9FB08DED19
:10A23000040B0091816B289D029057EC106B0A92E1
:10A24000089349B1C26B4A600123934004468B6076
:10A2500000F0D0FF0023A363B7F10009B4BF0123CE
:10A2600000232B60764BBCBF29F00049CDF8149039
:10A2700033EA090300F0A8809DED047B002251EC35
:10A28000170B00238DED067BF6F74AFD804668B17B
:10A29000089A01231360299B13B1299A694B136013
:10A2A000694B039303981FB0BDE8F08F9DED060B3B
:10A2B00002981CAA1DA901F0D3FA5FEA195582463B
:10A2C00040F09880DDE91C85454405F23243202B9F
:10A2D00040F38483C3F1400309FA03F905F2124302
:10A2E00026FA03F349EA0300F6F738FA0123013DA1
:10A2F0001193A1F1F871554B0022F6F7F1F84AA33A
:10A30000D3E90023F6F7A4FA49A3D3E90023F6F72B
:10A31000E9F8064628460F46F6F730FA46A3D3E991
:10A320000023F6F795FA02460B4630463946F6F713
:10A33000D9F806460F46F6F73BFD00228346002378
:10A3400030463946F6F7F6FC002840F01B83A8EBB0
:10A350000508BBF1160F08F1FF3400F28D813C4D6A
:10A3600005EBCB05D5E90023DDE90601F6F7E2FCB4
:10A37000002873D00023002C0BF1FF3B1093C0F298
:10A38000808100230B93BBF1000F6DDA0B9BA3EBD5
:10A390000B030B93CBF10003CDE90EB3009B092B0C
:10A3A0004FF0000B68D8052B40F31D83043B00934E
:10A3B0000025009B023B032B00F22486DFE813F00C
:10A3C00060045D0455043904089AC9F3130942F284
:10A3D0000F7359EA060913601CD1299B002B00F06A
:10A3E0002C861C4B03930833299A039813601FB0E3
:10A3F000BDE8F08FDDE90612C2F31303084643F00F
:10A400007F51CDF84480A5F2FF35DDF8708041F42E
:10A41000401170E7299B002B40F0E8830E4B03931B
:10A4200040E700BFAFF3008061436F63A787D23F6F
:10A43000B3C8608B288AC63FFB799F501344D33F33
:10A440000000F07FC9DD0008C8DD00080000F83F0B
:10A4500058E0000838DF000844DF0008B8F1000FBA
:10A4600040F35D8410900B9000230F93009BCDF878
:10A4700038B0092B5C4496D900234FF0FF32CDE968
:10A480000923012500930C95029B0021D963099BA8
:10A490001893029800F088FE0390002800F0BB8516
:10A4A000DDE902329A63099B0E2B00F21481002D24
:10A4B00000F011810E9A002A40F33884B14D02F069
:10A4C0000F0305EBC3031511D205D3E9008940F151
:10A4D000F883AD4BDDE90601D3E90823F6F7E2FA8C
:10A4E000CDE9120105F00F0503277DB1A64EEB075C
:10A4F00008D540464946D6E90023F6F7A9F90137C1
:10A50000804689466D1006F10806F0D142464B465A
:10A51000DDE91201F6F7C6FA80468946109B43B181
:10A520009A4B002240464946F6F704FC002840F0CA
:10A53000F0843846F6F722F942464B46F6F788F99A
:10A54000934B0022F5F7CEFF099B0646A1F1507709
:10A55000002B00F0A9800E9B1993099B1293039B7B
:10A56000884D49464046CDE914675E1CF6F720FC4D
:10A57000129905EBC10313ED027B07468DED167BA7
:10A58000F6F7FCF802460B4640464946F5F7A8FFA9
:10A5900089460C993037DDE916238046FFB2002941
:10A5A00000F052847B490020F6F77CFADDE91423A1
:10A5B000F5F796FF039D02460B46CDE914232F7055
:10A5C00042464B46F6F7D4FB002840F09684CDE98E
:10A5D0001AB4CDF858A0129DDDE914AB00272AE08B
:10A5E0000137AF4280F2DD846B4B50465946002262
:10A5F000F6F72EF9684B002282468B4640464946C4
:10A60000F6F726F989468046F6F7D2FB0446F6F7B8
:10A61000B5F802460B4640464946F5F761FF30342F
:10A6200006F8014B52465B4680468946F6F782FBA8
:10A63000002840F0B38442464B4654490020F5F7C9
:10A640004FFF52465B46F6F775FB0028C8D0199BB2
:10A65000DDF858A0039A374603F1010802E097425B
:10A6600000F07B843E4617F8013D392BF7D00133CB
:10A67000DBB23B70454674E10123002C1093BFF61A
:10A6800080AEC8F101030B9300247CE63846F6F750
:10A6900075F842464B46F6F7DBF83D4B0022F5F7DE
:10A6A00021FF0646A1F150773C4B40464946002227
:10A6B000F5F716FF32463B4680468946F6F758FBCB
:10A6C000002840F0598440464946324607F100438D
:10A6D000F6F730FB28BB1D9B002BC0F291800E9A31
:10A6E0000E2A00F38D80274D0E9B05EBC30595EDDB
:10A6F000007B0A9B002B8DED007B19DA099B002B58
:10A7000016DC0ED1254B0022DDE90001F6F7A0F89A
:10A7100002460B46DDE90601F6F716FB002800F0BD
:10A720002B844FF00009039E4F460A9BDD4324E231
:10A73000DDE90045DDE9068922462B4640464946CB
:10A74000F6F7B0F9F6F734FB0646F6F717F82246A7
:10A750002B46F6F77DF8039F0B46024649464046D6
:10A76000F5F7BEFE06F1300307F8013B099B012B0C
:10A7700000F010830125CDF810A09946DDE900AB6B
:10A78000A8462BE058E0000830E000080000F03F49
:10A7900000001C400000E03F000024400000144086
:10A7A00052465B4620462946F6F77CF9F6F700FB51
:10A7B0000646F5F7E3FF52465B46F6F749F808F11F
:10A7C00001080B46024629462046F5F789FE06F1A8
:10A7D0003003C84507F8013B00F0DA82B94B00228C
:10A7E000F6F736F80022002304460D46F6F798FAED
:10A7F0000028D5D00E9DDDF810A001353E46B0E012
:10A800000C9A002A40F0D28000230F9E0B9D0C93DF
:10A810001F4655B1002C08DDA5420B9A2B46A8BF58
:10A820002346D21A0B92ED1AE41A0F9B53B10C9BDC
:10A8300013B1002E40F0E78251460F9A029800F0C3
:10A8400069FE82460298012100F080FD8146BBF13D
:10A85000000F40F0B681009B012B40F3CC8101201A
:10A86000204410F01F0000F09A80C0F12003042B58
:10A8700040F3DA810B9BC0F11C0003440B930544A9
:10A8800004440B9B002B05DD514602981A4600F04C
:10A890009BFE8246002C05DD49460298224600F0C8
:10A8A00093FE8146109B002B40F07081099B002B8A
:10A8B00040F348810C9B002B40F0A4800E9D013595
:10A8C000DDF80C80099CDDF808B0012607E0514650
:10A8D00000230A22584600F097FC0136824649467A
:10A8E0005046FFF70BFCA64200F1300308F8013B8D
:10A8F000EDDB099A002AC8BF1646039AD8BF012685
:10A9000002EB060B0024514601220298009300F04E
:10A910005BFE4946824600F0CFFE002840F3E2810C
:10A92000039A02E05A4500F0E8815E460BF1FF3BD6
:10A9300016F8013C392BF5D001338BF80030DDF8E7
:10A9400008804946404600F055FC57B12CB1BC4246
:10A9500003D02146404600F04DFC0298394600F0F5
:10A9600049FC0298514600F045FC00233370089BD7
:10A970001D60299B002B3FF495AC03981E601FB00F
:10A98000BDE8F08F5846F5F7F9FE32463B46F6F73C
:10A99000C7F900287FF4DBAC0BF1FF3BD7E41C23A5
:10A9A0000B9A1A440B921D441C446AE7009A012A30
:10A9B00040F3A881099B0F9A5E1EB242C0F26A81E1
:10A9C000002BA2EB060680F2DD820B9B099A9D1AF2
:10A9D0000298012100F0BAFC07461AE7C3F12003F0
:10A9E00006FA03F080E40125E3E4394600230298E7
:10A9F0000A2200F009FC189B002B074640F3EF8267
:10AA00000E960993002D00F33E81BBF1000F40F03C
:10AA1000DE81B846039E099C731E1C44049B03F010
:10AA20000103CDE90B43029C49465046FFF766FB04
:10AA300039468346504600F03FFE424649460546A9
:10AA4000204600F05BFEC26801460BF13003002A8D
:10AA50003AD1CDE90903504600F02EFE099906903F
:10AA6000204600F0C7FB069A0A9B002A5AD1009A9A
:10AA70001AB90C9A002A00F09A82002D45DB0B9A35
:10AA8000B346B2420BF8013B00F0B88151460023B7
:10AA90000A22204600F0B8FB4745824639464FF06F
:10AAA00000034FF00A02204636D000F0ADFB4146CD
:10AAB000074600230A22204600F0A6FB5E46804699
:10AAC000B2E700BF000024400298069300F092FB1A
:10AAD000002D069B06DB049A009902F001020D434B
:10AAE0002A432AD1514601220298009300F06CFDBE
:10AAF0004946824600F0E0FD0028009B40F3E780D5
:10AB0000392B00F02F820BF131030E9D06F8013B2B
:10AB10003C460135474612E700F076FB5E460746A5
:10AB2000804681E7002DC0F27D8200990D430C998B
:10AB30000D4300F07782002AA1DD392B00F012824C
:10AB40000133E2E7009B022B7FF7B4AE099B002B99
:10AB500040F01C8149460522029800F055FB014651
:10AB60008146504600F0A8FD002840F30F81039E67
:10AB70000E9D312306F8013B013502984946013507
:10AB800000F038FB002F7FF4E8AEEAE64946504675
:10AB900000F092FD0028BFF689AE514600230298CE
:10ABA0000A2200F031FB0E9B5E1E0C9B8246002B9E
:10ABB0007FF41BAF189B002B40F3FF810E9D099380
:10ABC0007EE601465A46029800F0A4FC009B012B49
:10ABD00081466BDD4FF0000BD9F8103009EB830391
:10ABE000186900F061FBC0F1200039E6924B039335
:10ABF0000333FFF7F9BB049B002B7FF430AEDDE994
:10AC00000412C2F31303002B7FF429AE8B4B1340C5
:10AC100023B10B9B01330B9301340123BBF1000FD4
:10AC200040F0AE819B461AE63FF42BAEC0F13C03E8
:10AC3000B6E601230C930A9B0E9A13441893013332
:10AC4000012B1E460993B8BF0126172E40F3D5816C
:10AC5000012204235B0003F11400B042114602F10B
:10AC60000102F7D9029BD96313E401230C930A9ED6
:10AC7000002E32DD18960996E7E700230C93DAE7F9
:10AC800000230C93F3E7394602982A4600F09CFC17
:10AC90000746BAE60F9B0B9A0F96F31A9B44099B43
:10ACA00015461A441C440B92002691E6049B002B87
:10ACB00090D1DDE90401C1F313030A46002B89D1C9
:10ACC000A4E79DED067B02278DED127B0DE47FF45A
:10ACD0001CAFDA077FF519AF12E70123CDE909337D
:10ACE000FFF7D2BB03D1009BDB073FF519AE5E46F1
:10ACF0001BF8013D302BFAD021E6039A31230135B0
:10AD000013701CE6119A002A00F0FA8003F2334314
:10AD10000B9A0F9E15461A441C440B9258E6C8F134
:10AD2000010304460B931090FFF79EBB00F0EC80EC
:10AD30000E9B434D5E4206F00F0305EBC303D3E9C0
:10AD40000023DDE90601F5F783FD3511CDE9120198
:10AD500000F04E813B4E0023022780468946E807DB
:10AD600009D5D6E9002340464946F5F771FD01377C
:10AD70008046894601236D1006F10806EFD1002BAD
:10AD80007FF4CCABDDE91289FFF7C8BB039ECCE4AE
:10AD9000DDF810A00E9D02460B46F5F7A3FB024618
:10ADA0000B46CDE904230135DDE90023A846F5F77C
:10ADB000DFFF40B9DDE90023DDE90401F5F7B0FF6D
:10ADC00018B1F10701D5039A4CE43E46C9E579680C
:10ADD000029800F0E9F90546002800F027813B6958
:10ADE00002339A0007F10C010C30F5F703FA0298D0
:10ADF0002946012200F0E8FB80460BE60E9D3C460A
:10AE0000013547467FE5DDF8088039463246404641
:10AE100000F080FB524601460746404600F0C4FA67
:10AE200051468246404600F0E5F90F9B9B1B0F936D
:10AE30003FF408AD00E500BF44DF00080000F07FEC
:10AE400058E0000830E00008DDE91401F5F700FDE6
:10AE5000039B1F70129B012BCDE90C0100F0C680F3
:10AE6000129F039BCDF844B01F447C4B0022404608
:10AE70004946F5F7EDFC89468046F5F799FF83468C
:10AE8000F5F77CFC0BF1300B02460B464046494679
:10AE9000F5F726FB06F801BBB74280468946E4D1A8
:10AEA000DDF844B06E4B0022DDE90C01F5F71AFB2A
:10AEB00002460B4640464946F5F75AFF002867D13F
:10AEC000DDE90C2366490020F5F70AFB02460B4634
:10AED00040464946F5F72EFF48B91D9B002BFFF66B
:10AEE00093AC0E9B0E2B3FF78FACFFF7FDBB3E469E
:10AEF000013F16F8013C302BF9D0199D013530E5A2
:10AF00001C9BC3F1360303E7DDE906890227FFF73F
:10AF100005BB099B002B3FF4B9AB189B002B7FF7B7
:10AF2000DAAB0E9A1293013A4C4B1992404600222A
:10AF30004946F5F78DFC80468946781CF5F71EFCDE
:10AF400042464B46F5F784FC464B0022F5F7CAFA19
:10AF50000646A1F15077FFF702BB08F10108312343
:10AF6000FFF787BB0E9D039AB34639233C460BF887
:10AF7000013B01354746D8E44FF000094F46F6E55E
:10AF80009B4629E60B9A15461A441C440B921FE572
:10AF9000199B039A03F10108FFF764BBDDF858A081
:10AFA000ABE7DDE91AB4DDF858A0FFF794BB392B05
:10AFB000D8D0002D3FF7A7ADA7E5009B022B0ADCF8
:10AFC000189B099349460E9DFFF798F8039A00F1E4
:10AFD000300313708DE4189B09930E96B6E5009B21
:10AFE000022BF8DC189B0E9609930BE5374659E7C0
:10AFF000DDE912890227FFF791BA029B0021D9638C
:10B00000FFF747BA029B0025DD632946184600F08A
:10B01000CBF80390A8B9144B1448002240F2AF11AA
:10B0200000F03EFF002A7FF770AD5BE50E4B0F4846
:10B030002A4640F2EF2100F033FF0D4B0393FFF758
:10B0400031B9DDE902329A634FF0FF3301220A95EC
:10B0500018930C920993FFF73EBB00BF00002440F9
:10B060000000E03F00001C4048DF00085CDF0008F3
:10B0700038DF000882B049B15AB16BB113780B6068
:10B080001278101E18BF012002B0704701A9002AD3
:10B09000F3D1104602B070476FF00100F4E700BF33
:10B0A0002DE9F04F9368176883B09246002B74D057
:10B0B0004FF0000B8B680A6881460C465D4645E000
:10B0C000B4F90C3013F4906F2CD0D4E90401161AA3
:10B0D00001EB410202EBD272711C521029449142E1
:10B0E00092BF904688460A465B0539D511464846C8
:10B0F000FCF782FC019000283DD032462169F5F72B
:10B1000079F8A289019B22F4906242F08002A28128
:10B110009819A8EB0606A660C4F814802361206085
:10B12000A8462E463246594600F0AAFDDAF8081025
:10B13000A3682268A3EB08033244491BA360226082
:10B14000CAF8081049B3D7E900B508379846104641
:10B15000002DF8D09D421E46B2D2A8462E46E1E709
:10B160000146484600F0DCFB03460028D0D12169A7
:10B170004846FCF743FBA3890C2243F04003C9F87F
:10B1800000204FF0FF30A38100220023CAF80820DE
:10B19000CAF8043003B0BDE8F08F00200023CAF8DD
:10B1A000043003B0BDE8F08F436C70B505460C4623
:10B1B0004BB153F8240080B1026843F824200023E7
:10B1C000C360036170BD2122042100F089FE0346A3
:10B1D00068640028EDD1002070BD012101FA04F659
:10B1E000721D9200284600F07BFE0028F3D0C0E9D3
:10B1F0000146E4E731B1436C4A6853F82200086025
:10B2000043F82210704700BF2DE9F0410D69074651
:10B210000E461C4601F1140E0020DEF800108BB221
:10B2200002FB03434FEA134C090C02FB01CC013033
:10B230009BB203EB0C4385424EF8043B4FEA1C449F
:10B24000EBDC3CB1B368AB4207DD06EB85030135AF
:10B250005C6135613046BDE8F08171683846013186
:10B26000FFF7A2FF8046A8B13269023206F10C0155
:10B2700092000C30F4F7BEFF7B6C726853F822101A
:10B28000316043F82260464606EB850301355C6178
:10B290003561DFE7024B03484246BA2100F000FE69
:10B2A00048DF0008C0DF0008B0F5803F034636BF26
:10B2B000030400201020B3F1807F3CBF1B02083044
:10B2C000B3F1805F3CBF1B010430B3F1804F03D367
:10B2D000002B06DB013070479B0003D45B0003D4D6
:10B2E000202070470230704703307047036813F026
:10B2F0000702014607D0DA071FD4980721D55B085B
:10B300000B600120704798B2A0B11046DAB20AB9BA
:10B3100008301B0A1A0704BF1B0904309A0704BF30
:10B320009B080230DA0703D45B0800F1010006D065
:10B330000B6070471B0C1020E8E7002070472020AE
:10B3400070479B080B600220704700BF38B5436C04
:10B3500004460D464BB15868B0B102685A600022ED
:10B3600001234561C260036138BD2122042100F040
:10B37000B7FD034660640028EDD1094B094800225F
:10B3800040F2451100F08CFD1C220121204600F006
:10B39000A7FD0028F1D00122022342608360DEE78E
:10B3A00048DF0008C0DF00082DE9F04FD1F8108019
:10B3B0001569A84585B00E46924605DB2A465346D8
:10B3C00045468A4690461E46DAF80830DAF80410F8
:10B3D00005EB0804A342B8BF0131FFF7E5FE844640
:10B3E000002800F08B8000F1140707EB840E7745EE
:10B3F00005D23B46002243F8042B9E45FBD8143669
:10B4000006EB88080AF11409464509EB850566D262
:10B41000A5EB0A03153B23F003030AF1150A0433D5
:10B4200055452CBF9B464FF0040BCDF808E0039424
:10B43000AE46E24605E0090C2AD1B04507F1040703
:10B440004AD956F8041B8DB2002DF4D0CC463C46A8
:10B45000002301965CF8040B216886B28AB2000CC6
:10B4600005FB0622090C1A4405FB001101EB1241F1
:10B4700092B242EA0142E64544F8042B4FEA1143F6
:10B48000E8D8019E47F80B3056F8041C090CD4D0BC
:10B490003B68002248461D463C469446028801FB14
:10B4A00002C202EB15429BB243EA024344F8043B5A
:10B4B00050F8043B25684FEA134CABB201FB0C3348
:10B4C00003EB124386454FEA134CE7D8B04547F8E3
:10B4D0000B3007F10407B4D8DDE902E4D446002CB0
:10B4E00002DC05E0013C03D05EF8043D002BF9D0FE
:10B4F0006046CCF8104005B0BDE8F08F034B04481F
:10B5000062464FF4B17100F0CBFC00BF48DF000889
:10B51000C0DF000812F003032DE9F041144607468E
:10B520002CD10D46A4101CD03E6C86B3E3074FF01F
:10B53000000806D4641014D03068A8B10646E307AA
:10B54000F8D5324629463846FFF72EFF35B17B6CD9
:10B55000696853F821202A6043F821506410054699
:10B56000EAD12846BDE8F081324631463846FFF739
:10B570001BFF3060C0F800800646E0E7013B0F4A41
:10B5800052F823200023FFF73FFE0546CAE70121BA
:10B590003846FFF709FE064640B1012340F271220A
:10B5A000C0E90432002338640360BFE7044B054858
:10B5B000324640F2451100F073FC00BF24E0000861
:10B5C00048DF0008C0DF00082DE9F0470C46904630
:10B5D0002769A368496807EB62177D1C9D420646F0
:10B5E0004FEA621904DD5B009D4201F10101FADCC2
:10B5F0003046FFF7D9FD8446002851D0B9F1000F3D
:10B6000000F114000EDD09F105024FEA820E034637
:10B610000CEB8202002143F8041B9342FBD1AEF1F4
:10B6200014031844216904F1140318F01F0803EBF4
:10B6300081012DD0C8F1200986464FF0000A1A6812
:10B6400002FA08F242EA0A024EF8042B53F8042BDD
:10B65000994222FA09FAF2D80B1B153B23F0030397
:10B66000043304F11502914238BF042340F803A0CB
:10B67000BAF1000F00D13D46736C6268CCF81050EF
:10B6800053F822102160604643F82240BDE8F0875D
:10B69000043853F8042B40F8042F9942F9D8EAE70C
:10B6A000034B044862464FF4EF7100F0F9FB00BF12
:10B6B00048DF0008C0DF00080B6984460069C01A33
:10B6C00016D10CF1140C14310CEB830210B401EB05
:10B6D000830301E0944508D252F8044D53F8041D49
:10B6E0008C42F7D005D24FF0FF305DF8044B704725
:10B6F000704701205DF8044B704700BF2DE9F04F03
:10B7000013690F69FF1A002F83B00D46904615D1BB
:10B7100001F11406143202EB830206EB830301E00D
:10B720009E4276D253F8044D52F8041D8C42F7D055
:10B7300006D22B4601274546984601E0F9DB002753
:10B740006968FFF731FD8146002876D02E69C76011
:10B75000D8F8100005F1140B08F1140E09F1140AC1
:10B7600005F110010EEB80000BEB860257464FF0FF
:10B77000000CCDF804B05EF8044B51F8045F1FFADA
:10B7800084FBABB2A3EB0B03240C6344C4EB154462
:10B7900004EB23449BB243EA0443704547F8043B5F
:10B7A0004FEA244CE7D8A0EB0801153989084C1C56
:10B7B000DDF804B008F11508A400404538BF0424A2
:10B7C0000BEB0405AA42544430D92746284650F8CA
:10B7D000043B1CFA83FE190C634401EB2E419BB21F
:10B7E00043EA0143824247F8043B4FEA214CEED83A
:10B7F000013A521B22F00302144423B954F8043DC9
:10B80000013E002BFAD04846C9F8106003B0BDE8ED
:10B81000F08F0021FFF7C8FC8146A8B10122002368
:10B82000C0E90423484603B0BDE8F08F89004045D5
:10B8300038BF00210AEB0104DFE7074B07484A46FF
:10B8400040F2452100F02CFB034B04484A4640F2ED
:10B85000372100F025FB00BF48DF0008C0DF0008EB
:10B860002DE9F0430E4683B0012159EC108B1546AB
:10B87000FFF79AFC0446002846D0C9F30A57C9F3DB
:10B8800013030FB143F480130193B8F1000313D1F4
:10B8900001A8FFF72BFD019B63610122203022618B
:10B8A0000FB3A7F233470744C0F135003760286073
:10B8B000204603B0BDE8F08368460093FFF716FD0D
:10B8C000019BF8B10099C0F1200203FA02F2C340D3
:10B8D0000A430193002B62610CBF01220222A36183
:10B8E0002261002FDDD104EB8203A0F232403060F0
:10B8F0001869FFF7D9FCC0EB42102860204603B05E
:10B90000BDE8F083009AE5E7034B0448224640F285
:10B910000F3100F0C5FA00BF48DF0008C0DF0008A3
:10B920002DE9F84F1646002900F096800C46804617
:10B9300006F10B05FEF7FCF854F8041C162DA4F1D3
:10B94000080921F0030758D81025AE4258D8AF4255
:10B9500060DABE4B9A6809EB070C6245DCF804001C
:10B9600000F0908020F0010363445B68DA0768D43C
:10B9700020F003003B189D4247DDCB0712D454F85A
:10B98000083CA9EB030BDBF8043023F0030210445E
:10B9900000EB070A554540F3F68007EB020A5545D0
:10B9A00040F3CC8031464046FCF726F80646002896
:10B9B00000F0208154F8043C23F001034B44A0F133
:10B9C0000802934200F0B4803A1F242A00F2D78084
:10B9D000132A00F2A28003462246116819605168BA
:10B9E000596092689A6021464046FBF707FF40463F
:10B9F000FEF7A4F83046BDE8F88F35F00705A4D56A
:10BA00000C23C8F80030002618E01F46DCE90223AA
:10BA1000D3609A60D9F804307A1B0F2A03F001032F
:10BA200009EB07001DD83B43C9F80430436843F0D5
:10BA3000010343604046FEF781F826463046BDE8E4
:10BA4000F88FC907AED454F8083CA9EB030BDBF818
:10BA5000043023F00302A0E7BDE8F84F1146FBF7DE
:10BA6000CBBF09EB05012B4342F00102C9F80430BA
:10BA70004A60436843F00103436008314046FBF7E6
:10BA8000BDFED7E720F00300C21905F1100C624596
:10BA900080F29180CA0785D454F8082CA9EB020BD8
:10BAA000DBF8042022F00302104400EB070AD4451F
:10BAB0003FF773AF5E46DBF80C1056F8080F3A1FDD
:10BAC000242AC160886000F2AE80132A40F2A98067
:10BAD0002168CBF808106168CBF80C101B2A00F223
:10BAE000A88008340BF11002216811606168516070
:10BAF000A16891600BEB0501AAEB050242F001027F
:10BB000099604A60DBF8043003F001032B434046A0
:10BB1000CBF80430FEF712F890E7236803606368FF
:10BB200043601B2A3CD804F1080200F1080354E7E3
:10BB300050F8043C23F003031F446BE73A1F5E46B2
:10BB4000DBF80C3056F8081F242ACB60996022D805
:10BB5000132A1ED92368CBF808306368CBF80C3061
:10BB60001B2A3BD808340BF1100322681A60626864
:10BB70005A60A2689A6034465746D9464AE7214639
:10BB800000F07EF82FE7DCE902133A1FCB609960E2
:10BB9000D5E73346E9E72146304600F071F8EAE799
:10BBA000A3688360E368C360242A27D004F11002ED
:10BBB00000F1100311E709EB05019960531B43F0F5
:10BBC00001034B6054F8043C03F001032B4340464F
:10BBD00044F8043CFDF7B2FF26462FE7A368CBF8F4
:10BBE0001030E368CBF81430242A10D010340BF155
:10BBF0001803BAE74046FDF7A1FF04E72369036194
:10BC00006169416104F1180200F11803E5E6236956
:10BC1000CBF818306369CBF81C3018340BF12003D3
:10BC2000A3E7324660E72146304600F029F8074B8B
:10BC300060E7A168CBF81010E168CBF81410242A53
:10BC400006D010340BF118024EE700BF9801002017
:10BC50002269CBF818206269CBF81C2018340BF14C
:10BC6000200241E749B1FF2A02D80A70012070473B
:10BC70008A2303604FF0FF3070470846704700BFCB
:10BC800088420ED98B1883420BD900EB020C002A94
:10BC90006ED0624613F801CD02F801CD9942F9D178
:10BCA00070470F2A0FD8034602F1FF3C002A5FD0ED
:10BCB0000CF1010C013B8C4411F8012B03F8012F0E
:10BCC0006145F9D1704740EA01039B0751D1A2F1C8
:10BCD000100370B501F1200C23F00F0501F1100ED7
:10BCE00000F11004AC441B095EF8105C44F8105CD1
:10BCF0005EF80C5C44F80C5C5EF8085C44F8085C88
:10BD00005EF8045C44F8045C0EF1100EE64504F1A4
:10BD10001004E9D1013312F00C0F01EB031102F012
:10BD20000F0400EB031328D0043C24F003064FEA71
:10BD3000940C1E441C1F8E465EF8045B44F8045F9E
:10BD4000B442F9D10CF1010402F0030203EB8403C5
:10BD500001EB840102F1FF3C4AB10CF1010C013B03
:10BD60008C4411F8012B03F8012F6145F9D170BD06
:10BD7000704702F1FF3C03469AE72246EAE700BF1C
:10BD80002DE9F04F8BB0DDE9157A86461E46002F6F
:10BD90005AD0156800295CD0149B002B69D0741E02
:10BDA0004EB3043DCDE9015EDDF850B004910026AC
:10BDB000039105920BE0039B0BBB019B18680028C5
:10BDC00036D0DC4557D2013C631C664613D0019B3C
:10BDD000029853F8042F0193DAF8E0503B4607A984
:10BDE000D7E90098A847421C37D000EB060CDC4589
:10BDF000E1D9C7E9009830460BB0BDE8F08F0028C4
:10BE00000EDD049B019D18445A1E07A900F1FF3E58
:10BE100011F8013B02F8013F9645F9D101950490D4
:10BE2000059B1A6804321A60019B18680028C8D163
:10BE30000399059A01B110600CF1FF3600223046DB
:10BE40003A600BB0BDE8F08F156800F586770029E1
:10BE5000A2D14FF0FF331493A1E7DDF808E00646C6
:10BE60008A2100223046CEF800103A600BB0BDE8BF
:10BE7000F08F149EBFE76646BDE700BF10B584B0E3
:10BE8000054C0698009007980190044800680294B9
:10BE9000FFF776FF04B010BDA0050020640000206D
:10BEA00000B50B4C25681446EE681A4685B003466B
:10BEB0000D464CB107490095CDE9011430460649BD
:10BEC00000F044F801F0F4FA04490C46F3E700BF2F
:10BED0006400002020E1000830E100082CE10008A7
:10BEE00038B5A1FB021454BBFBF786FD054650B3E1
:10BEF00050F8042C22F00302043A242A10D8132A02
:10BF000013D91B2A0460446016D9242A8460C460B3
:10BF100011BF00F1100200F118020461446105E054
:10BF20002146FBF749FB284638BD02460023136033
:10BF300053609360284638BD00F10802F6E7FBF72E
:10BF4000BBFB0C2303600025284638BD0EB410B59A
:10BF500083B005AB064C53F8042B019301462068CF
:10BF600000F044F803B0BDE8104003B0704700BFD4
:10BF7000640000202DE9F84F4B6E9C0490462ED5AE
:10BF8000936812684BB30D46064602F1080959E959
:10BF9000022A5FEA9A0716D0A2F1040B002401E0FE
:10BFA000A7420ED05BF8041F2A46304601F050FA33
:10BFB000431C04F10104F3D10023C8E90133BDE8B7
:10BFC000F88FD8F808302AF0030AA3EB0A03C8F860
:10BFD000083009F10809002BD9D10020ECE701F065
:10BFE00019F80023C8E90133BDE8F88F2DE9F04FB7
:10BFF000C7B016AF83460391069200210822384647
:10C000001C460A93FBF7D8FABBF1000F04D0DBF80B
:10C010003430002B00F0B886039A536EB2F90C202E
:10C02000DB0702D4960540F19D85950407D403995A
:10C030004B6E42F4005223F400538A814B66100782
:10C0400040F1C980039B1B69002B00F0C48002F003
:10C050001A030A2B00F0CE800023CDE91B33CDE973
:10C060000E331DAADFF804A90D931A92914610937E
:10C070000793069DDAF8E440FDF708FF2A460346D9
:10C0800014A900975846A047002800F0D280C0F2BB
:10C09000C880149A252A034601D01D44EAE7069B6E
:10C0A000EE1A044640F0C98000234FF0FF316A7851
:10C0B0008DF84B3008936C1C059102930134A2F16A
:10C0C00020035A2B00F2FF80DFE813F00003FD008D
:10C0D000FD00FA02FD00FD00FD006B00FD00FD000B
:10C0E00015022A03FD0020021003FD000A035B0075
:10C0F0005B005B005B005B005B005B005B005B0068
:10C10000FD00FD00FD00FD00FD00FD00FD00FD0047
:10C11000FD00CB015A02FD00FD00FD00FD00FD0009
:10C12000FD00FD00FD00FD00FD002602FD00FD00FC
:10C13000FD00A301FD007302FD00FD008C05FD0064
:10C14000FD00FD00FD00FD00FD00FD00FD00FD0007
:10C15000FD00CB01F001FD00FD00FD00C102F0017A
:10C160007F00FD002F03FD00EB028905CA027F005E
:10C17000FD00A3017D008605FD00FD00AF05FD006B
:10C180007D00A2F130030022114614F8012B01EBCF
:10C19000810103EB4101A2F13003092BF5D908918C
:10C1A0008DE75846FDF778FE436810931846F4F77C
:10C1B00027F90F9005465846FDF76EFE83680E93EB
:10C1C000002D40F0E384227878E7029B227843F048
:10C1D0002003029372E7039D5846294601F09AF81E
:10C1E000002840F0A386B5F90C2002F01A030A2BB0
:10C1F0007FF432AF0399B1F90E30002BFFF62CAF6C
:10C200004B6EDB0702D4970540F15B86069A0399D3
:10C210002346584600F0BEFE0790079847B0BDE899
:10C22000F08F082200213846FBF7C6F901231D4490
:10C2300020E7069BEE1A044612D0069B1C9AC9E919
:10C2400000361B9B01333244072B1C921B9311DCDD
:10C2500009F10809079B33440793002C7FF424AFAE
:10C260001C9B002B40F04D86039B0022B3F90C3041
:10C270001B921CE0002A00F02D8403991AAA58464C
:10C28000FFF778FE80B90DF17409E3E703991AAA64
:10C290005846FFF76FFE002800F0A6800B9B1BB1ED
:10C2A0000B995846FBF7AAFA039BB3F90C30039A93
:10C2B000526ED10740F1A3805B0600F143860798D8
:10C2C00047B0BDE8F08F0694002AC9D000238DF84E
:10C2D0004B3001238DF8B420049309932DAC002337
:10C2E0000B930593029B13F0020302D0049A0232CF
:10C2F0000492DDE91B2C029D501C15F084050146BB
:10C300000C9505D1089D049EAD1B002D00F33283D2
:10C310009DF84B0088B101220CF1010CC9F80420F2
:10C3200007290DF14B02CDE91B1CC9F8002000F3D1
:10C33000E1820A4609F108090131EBB113AB0CF1B6
:10C34000020CC9F8003007294FF00203CDE91B1C8D
:10C35000C9F8043040F3EC82BCF1000F00F0DB833D
:10C3600003991AAA5846FFF705FE002896D1DDE981
:10C370001B2C0DF17409511C0C9B802B00F01382B7
:10C38000059B09981D1A002D00F36882099AC9F8C7
:10C39000004002EB0C030729CDE91B13C9F8042068
:10C3A00040F3FE81002B00F02C8303991AAA584613
:10C3B000FFF7E0FD00287FF471AF1C9B0DF17409BD
:10C3C000029A500705D5089A0499541A002C00F3D4
:10C3D0002383DDE9072104988142ACBF521812186B
:10C3E0000792002B7FF452AF00231B930B9B1BB1D2
:10C3F00019465846FBF702FA0DF1740939E69A0519
:10C400003FF55AAF039CA06DFBF78AF9B4F90C30E5
:10C4100052E70A9E069456F8044B00238DF84B30E1
:10C42000002C00F0C984532A00F02284029B13F0F0
:10C43000100540F01D84059B5A1C00F04E851A46DD
:10C4400029462046F3F774FF0B90002800F03E8544
:10C45000031B099323EAE37305950A9604930B954E
:10C460008DE10A9B0694432A03F1040503D0029B45
:10C47000DE0640F1E5830822002118A8FBF79CF8AE
:10C480000A9B2DAC1A68214618AB5846FDF790FD63
:10C4900003460133099000F04185099B23EAE373C9
:10C4A000049300230A958DF84B3018E7029B0694FD
:10C4B0009C066DD50A9B073323F0070319465A687B
:10C4C00051F8083B0A911146002AC0F23781059ABB
:10C4D000013200F04081029A22F08002029253EA77
:10C4E000010240F03881059B002B40F00885049341
:10C4F000099346AC41E10A9B53F8042B0892002AA9
:10C5000080F22883089A0A9352420892029B22786A
:10C5100043F004030293D1E5029B069443F010021A
:10C5200012F0200100F0E8820A9B073323F0070392
:10C530001846596850F8083B0A9022F48064029427
:10C54000059C002001348DF84B005DD053EA0104B6
:10C5500022F4906240F01484029C0292059B002B0E
:10C560004AD1002840F0F18214F00102099200F053
:10C57000F58230238DF8173104920DF21714FCE088
:10C58000029B069443F010030293029B9C0691D4F5
:10C590000A9A52F8043B0A92029AD00600F1F382FA
:10C5A000029A510640F1EB8243F3C0310A461BB2B6
:10C5B0008AE7029B069443F0100414F0200100F077
:10C5C0008C820A9B073323F007031A46596852F8F6
:10C5D000083B0A9200228DF84B20059A013200F0A8
:10C5E000D18324F08002029253EA010240F0B3802A
:10C5F000059B0120002BB4D0012800F0808400238B
:10C600000228194600F0998146AC03F00702DB08C6
:10C6100043EA4173C908303253EA0105204604F861
:10C62000012DF2D1029BDD0740F19581302A00F007
:10C6300092813023059A04F8013C023846AB1B1A5C
:10C640009A42B8BF1A4609930446049295E02278AC
:10C65000029B682A00F09D8343F0400302932DE57E
:10C66000029B0A9A069443F00203029352F8043B99
:10C670000A9247F63002ADF84C20BB4A0D920021D9
:10C6800000228DF84B20059A013200F05681029C61
:10C6900053EA010024F08002029240F04E81022011
:10C6A0005CE7029B06949B0640F17F820A9B079AF7
:10C6B0001B681A60D2175A600A9B04330A93D8E4A5
:10C6C000029B227843F001030293F7E49DF84B307C
:10C6D0002278002B7FF4F2AC20238DF84B30EDE470
:10C6E000029B227843F080030293E7E4214611F88D
:10C6F000012B2A2A00F03384A2F13003092B0C46C7
:10C7000000F2F6830022114614F8012B01EB81019F
:10C7100003EB4101A2F13003092BF5D90591CEE4D9
:10C720002B2322788DF84B30C8E42278029B6C2AA8
:10C7300000F0368343F010030293BFE42D228DF8FE
:10C740004B20059A5B4261EB4101013203D0029A12
:10C7500022F0800202920A2B71F1000280F0BD8269
:10C760003033DBB28DF81731059B012BB8BF0123A5
:10C770000493012309930DF2171400230B939DF8E2
:10C780004B30002B3FF4AEAD049B01330493A9E57D
:10C79000099B1D9401221E931C931B920DF1740999
:10C7A00009F108090CE6089B04981D1A002D7FF773
:10C7B000E7AD102D40F3CB83DFF8B481434610265C
:10C7C000A04661461C4607E002F1020C09F1080987
:10C7D0000246103D102D1ADD501C10310728C9E902
:10C7E0000046CDE91B01EFDD1AAA00297CD0039990
:10C7F00058460DF17409FFF7BDFB00287FF44EADDC
:10C80000DDE91B21103D102D02F1010CE4DC234673
:10C81000604644468C469846AC440728CDE91B0C3C
:10C82000C9F80080C9F8045040F3A481BCF1000F9E
:10C8300000F0278303991AAA5846FFF79BFB0028AC
:10C840007FF42CAD059B0998DDE91B2C1D1A002DEA
:10C8500002F101010DF174097FF798AD102DDFF899
:10C8600010812DDD2B461026254660461C4607E02C
:10C8700002F1020C09F108090A46103C102C1ADDDD
:10C88000511C3B4B10300729C9E90036CDE91B107C
:10C89000EEDD1AAA10B3039958460DF17409FFF79B
:10C8A00069FB00287FF4FAACDDE91B20103C102C5A
:10C8B00002F1010CE4DC234661462C4684461D4609
:10C8C000AC440729CDE91B1CC9F80080C9F8045005
:10C8D00000F3ED8009F10809013157E54FF0010C33
:10C8E00002460DF17409C8E74FF0010C0A460DF13C
:10C8F00074096EE7BCF1000F0FD0039911931AAAC7
:10C900005846FFF737FB00287FF4C8ACDDE91B2C45
:10C91000119B511C0DF174090FE5002B00F056819D
:10C9200002231E939C4613AB1D9301210DF1740944
:10C930000A4609F1080901311EE50D9846AC03F0DD
:10C940000F021B09825C04F8012D43EA01730909F7
:10C9500053EA0102F3D1059A46AB1B1B9A42B8BFBA
:10C960001A460993049208E798DD0008A005002004
:10C9700060E10008102D40F3BF82AE4E119349468E
:10C980004FF01008A1463446664607E002F1020E59
:10C9900008310246103D102D18DD501C10360728B6
:10C9A000C1E90048CDE91B06F0DD03991AAA5846F3
:10C9B00016B3FFF7DFFA00287FF470ACDDE91B2621
:10C9C000103D102D02F1010E1DA9E6DC119BB446AD
:10C9D00026464C468946AC44BEF1070FCDE91BEC18
:10C9E000C9F80060C9F8045000F39A8009F10809F9
:10C9F0000EF1010172468BE432464FF0010E1DA983
:10CA0000C8E7029A1B93540748D5089A0499541A08
:10CA1000002C43DD0DF17409102C1B9940F37B822F
:10CA2000844EDDF80C80102506E0881C09F1080909
:10CA30001146103C102C19DD4A1C1033072AC9E995
:10CA40000065CDE91B23F0DD1AAA13B34146584611
:10CA5000FFF790FA00287FF421ACDDE91B13103CAE
:10CA6000102C01F101000DF17409E5DC23440728C5
:10CA7000C9E90064CDE91B037FF7ABAC73B103993F
:10CA80001AAA5846FFF776FA00287FF407AC1C9BD9
:10CA90009FE4012019460DF17409CAE7DDE9073268
:10CAA00004998A42ACBF9B185B1807939CE4BCF1C5
:10CAB000000F3FF46DAE03991AAA5846FFF75AFAD1
:10CAC00000287FF4EBAB1B99DDF870C001310DF14C
:10CAD00074095BE41B92FFF7D6BB0A9A52F8043B39
:10CAE0000A9214F010027FF475AD14F0400000F0CB
:10CAF0006D819BB211466DE50A9850F8043B0A908F
:10CB000012F010007FF419AD12F0400400F06681BD
:10CB10009BB2014611E5012162460DF174092BE437
:10CB2000BCF1000F00F09580039911931AAA5846A2
:10CB3000FFF720FA00287FF4B1ABDDE91B2C119B35
:10CB4000511C0DF17409FFF7E3BB059B0493099396
:10CB500046AC12E622780A93FFF7B0BA059B04931D
:10CB600046AC0AE6039DA86DFAF7D8FDB5F90C208E
:10CB7000FFF75BBA09F10809411C024600E4029A7A
:10CB8000920500F18481D9170A469DE40E9B227814
:10CB9000002B3FF493AA1B78002B3FF48FAA029B33
:10CBA00043F480630293FFF789BA029BDE0600F12B
:10CBB000FE80029B5D0600F17681029B9C0540F1A0
:10CBC000F6800A9B079A1B681A7075E56246012178
:10CBD0000DF17409FFF7D0BB0694029CEDE4029AB4
:10CBE00006949DE4144B06940D93029B13F02001D0
:10CBF00063D00A9B073323F007031846596850F89F
:10CC0000083B0A90029CE6070AD553EA010007D0C8
:10CC10008DF84D2044F00202029230228DF84C2013
:10CC2000029A22F4806202922AE5044B06940D9344
:10CC3000DBE700BF70E10008ACDD000898DD00080C
:10CC40000A9B1B688DF8B4300123049309932DAC23
:10CC500027E49DF84B20002A00F01F8101210DF1EF
:10CC60004B021E911D920DF174098C46FFF761BBBA
:10CC70000822002118A81594FAF79EFC059B581C61
:10CC800000F0BA800025049498462C460CE02DA9AB
:10CC90005846FDF78DF9411C204400F03F81404586
:10CCA00008DC00F058810446159A525918AB043537
:10CCB000002AECD10994049CACE00A9850F8043B9B
:10CCC0000A90029810F010009CD1029911F04004D3
:10CCD00000F08B809BB2014694E7029ACDF8109049
:10CCE00046AC02F48062A146CDF824B0A54EDDF832
:10CCF00038B04FF0000C144605E00A2B71F100012A
:10CD000036D3434629465A1842F10002A6FB0205D3
:10CD100025F0030000EB9500121A981A4FF0CC355D
:10CD200061F1000E05FB00F506FB0E55A0FB068029
:10CD3000054408F0010E0520AEFB000E80184FEAF6
:10CD40005808303009F8010C48EAC5780CF1010C9C
:10CD500009F1FF396D08002CCFD09BF80020624507
:10CD6000CBD1BCF1FF0FC8D00A2B71F1000172D2F8
:10CD7000CDF838B04C46DDF824B0DDF81090EAE587
:10CD8000029241E40294E6E45846FAF7ABFBFFF75F
:10CD900043B943F40073627802930134FFF78EB90C
:10CDA00043F02003627802930134FFF787B90A9BAE
:10CDB000079A1B681A607FE4059B734C062B28BFFB
:10CDC0000623CDE909360493FFF789BA14F40071FC
:10CDD0003FF400ACDBB20146FFF7FCBB12F400717C
:10CDE0001CBFDBB22146FFF7A8BB029911F400710A
:10CDF0001CBFDBB2214605E718AB009300231946A0
:10CE000015AA5846FDF7FAF803460133099000F0D9
:10CE100085801594099B73B3632B49DC00230B9326
:10CE20002DAC0822002118A8FAF7C6FB099D18AB03
:10CE3000009315AA2B4621465846FDF7DFF8854298
:10CE400040F09880099A0A960023A354059322EA99
:10CE5000E273049393E40F9B1099A9EB03091A461C
:10CE60004846FCF7DFFF9BF801300BB10BF1010BDB
:10CE70004FF0000C45E7099B0A96CDE904330B936C
:10CE80007DE4012162460DF17409FFF779BA43F39D
:10CE9000C0110A465BB2FFF717BB624601210DF1D4
:10CEA0007409FFF74ABA0A9B079A1B681A8003E4C1
:10CEB000591C5846FAF7A0FD044600282ED00B90C6
:10CEC000AFE7886DFAF72CFCFFF7A0B9059B049338
:10CED00009930B9B0A96059351E4204605950A9603
:10CEE000F3F78EFA20EAE073099004930B9546E479
:10CEF00000230593FFF7E3B8244E86466BE5302305
:10CF000030E403991AAA5846FFF734F800283FF492
:10CF1000ABA9FFF7C9B91D4E481CA7E5039AB2F9A2
:10CF20000C3043F040039381FFF7C1B9039B5B6E64
:10CF3000D90707D4039B9B899A0503D4039B986D5B
:10CF4000FAF7EEFB4FF0FF330793FFF7B8B9DFF8BE
:10CF50004080084660E4DDE9044309935AE70A9BF0
:10CF600062780C4653F8041B0A9341EAE17105917B
:10CF7000FFF7A4B8039A938943F040039381FFF726
:10CF80008DB900BFCDCCCCCCC0DD000870E100086D
:10CF900060E10008F0B51F468B89ADF26C4D23F0BF
:10CFA0000203ADF80C304B6E1993CB89ADF80E30FF
:10CFB000CB6907934B6A09931AAB009304934FF420
:10CFC0008063154606460293059316A800230C4677
:10CFD0000693FAF79FFB2A463B4669463046FFF721
:10CFE00005F8051E07DB69463046FCF7A9FE002858
:10CFF00018BF4FF0FF35BDF80C305B0603D5A38991
:10D0000043F04003A3811698FAF786FB28460DF2F9
:10D010006C4DF0BD9368002B00F0F8802DE9F04FC7
:10D02000B1F90CC01CF0080F83B0904681460C4645
:10D0300031D00B697BB31CF00207D8F8006038D000
:10D040000027D4F824B0E169DFF8C4A23D46554575
:10D050002B463A4628BF53464846C5B1D847002814
:10D0600040F3CA80D8F808301B1A07442D1AC8F8B4
:10D070000830002B00F0B68055452B46D4F824B07C
:10D08000E16928BF53463A464846002DE6D1D6E925
:10D0900000750836DBE72146484600F03BF90028DA
:10D0A00040F0AF80B4F90CC0D8F800601CF0020763
:10D0B000C6D11CF0010A63D12368A16857461846FF
:10D0C0008B46002F58D01CF4007F00F0B580B94289
:10D0D0000A4600F2E1801CF4906F2FD0216962694A
:10D0E0005D1A02EB420202EBD2726B1C52103B44FF
:10D0F000934292BF93469B461A461CF4806F00F001
:10D10000EA8011464846FAF777FC002800F0F980DB
:10D110002A4621690090F3F76DF8A289009B22F45A
:10D12000906242F08002A2815819ABEB0505C4F869
:10D1300014B02361A5602060BB463A465146009278
:10D14000FEF79EFDA1682368009AA1EB0B011A442B
:10D150003D46A16022600027D8F808305B1BAA4436
:10D16000C8F80830002B3DD02368A168B4F90CC082
:10D1700018468B46002FA6D1D6E900A708369EE7B1
:10D180003846BB463D460097002D41D0002846D08A
:10D19000009A2068A168D4E90473AA4228BF2A46ED
:10D1A000B84204D901EB030A524500F3858093424B
:10D1B00075DCE169676A5A464846B847B0F1000A2B
:10D1C0001ADD009BB3EB0A0300930FD00120D8F8BF
:10D1D0000830A3EB0A03D344A5EB0A05C8F80830CE
:10D1E000002BD1D1002003B0BDE8F08F2146484686
:10D1F000FCF7A6FD0028EAD0B4F90C3043F0400358
:10D20000A3814FF0FF3003B0BDE8F08F00207047DE
:10D21000756833460836002DFAD0D3F800B02A4698
:10D220000A215846F3F784F8002867D00130A0EBB4
:10D230000B0300931A46ACE722699A4214D3626941
:10D24000BA4211D86FF00043BB4228BF3B46656A23
:10D2500093FBF2F3E16902FB03F348465246A84709
:10D26000051EC9DD7F1B77E7B94228BF39460D4649
:10D2700018460A465146FEF703FDA1682368491B7C
:10D280002B44A16023600029ECD121464846FCF7DD
:10D2900057FD0028E6D0AFE7BB463A464EE7594671
:10D2A0000192FEF7EDFC019AA3689B1AA360236824
:10D2B00013442360924684E759465246FEF7E0FC49
:10D2C00023685344236021464846FCF739FD002873
:10D2D0003FF477AF90E74846FEF722FB034600286D
:10D2E0007FF422AF21694846FAF788FAB4F90C3086
:10D2F0000C2223F08003C9F800207FE76A1C00920B
:10D3000047E70C22B4F90C30C9F8002076E700BFDB
:10D3100000FCFF7F38B52E4B1B6805460C4613B149
:10D320005A6B002A4BD0B4F90C3018071CD522696F
:10D3300022B313F0010107D0616900204942A060C7
:10D34000A1613AB1002038BD980758BF6169A1605A
:10D35000002AF7D1190658BF1046F4D543F0400310
:10D36000A3814FF0FF3038BDD9062CD55A0712D40F
:10D37000226943F00803A381002ADAD103F4207163
:10D38000B1F5007FD5D02146284600F099F8B4F9D0
:10D390000C302269CDE7216B51B104F1400291427A
:10D3A00004D02846FAF72AFAB4F90C300022226396
:10D3B00022690021C4E9002123F02403D9E718469B
:10D3C000FAF790F8AFE709222A6043F04003C7E775
:10D3D0006400002070B582B006460D461446FCF786
:10D3E00055FD012802D16B1EFE2B26D904F15C03EA
:10D3F0002A4601A93046FCF7DBFD431C20D078B15A
:10D40000A3689DF80410013B002BA36004DAA26915
:10D41000934208DB0A2906D023685A1C226019703F
:10D42000284602B070BD2246304600F0B7F8013001
:10D43000F6D14FF0FF3002B070BD8DF80450DFE739
:10D44000A38943F04003A3814FF0FF30F3E700BF0F
:10D4500030B51446526EB4F90C300546D00783B08F
:10D4600001D49A051CD5980406D4626E43F4005387
:10D4700042F40052A381626622462846FFF7AAFFC3
:10D48000636EDA07054602D4A3899B0502D52846B8
:10D4900003B030BDA06DFAF743F9284603B030BDA4
:10D4A000A06D0191FAF73AF9B4F90C300199DAE775
:10D4B00008B5062000F0C8F80120F4F72BF800BFEB
:10D4C0002DE9F041B1F90C300C46990796B008D51A
:10D4D00004F143030122C4E90432236016B0BDE81D
:10D4E000F081B4F90E100029064626DB6A4600F0EA
:10D4F000D7F800281FDB019D05F47045A5F5005500
:10D50000B5FA85F54FF480686D094FF40067414620
:10D510003046FAF771FAE8B1B4F90C30C4F8148067
:10D5200043F0800320602061A3813DBB3B43A38186
:10D5300016B0BDE8F081B4F90C3013F0800519D0B5
:10D540004FF040080025414630462F46FAF754FA7E
:10D550000028E1D1B4F90C309A05BFD423F00303BD
:10D5600004F1430243F002030121C4E90421A38131
:10D570002260B3E74FF480682F46C8E7B4F90E1075
:10D58000304600F0A3F810B9B4F90C30CEE7A38907
:10D5900023F0030343F001031BB2C7E7F8B50D46C0
:10D5A0001446064610B1436B002B4AD0B4F90C2048
:10D5B000A369A36010071BD52369CBB1EDB2910419
:10D5C0002F4621D522686169D31A994228DD01339B
:10D5D000A1680139A160511C2160157062699A42ED
:10D5E00026D0A389DB0701D50A2D21D03846F8BD06
:10D5F00021463046FFF78EFE00BBB4F90C202369AC
:10D60000EDB291042F46DDD442F40052A281626E45
:10D61000616922F4005262662268D31A9942D6DC0C
:10D6200021463046FCF78CFB40B922680123CFE746
:10D6300021463046FCF784FB0028D7D04FF0FF3757
:10D64000D4E7F9F74FFFB1E738B5144B1F281D6831
:10D650001ED8D5F81821044662B152F820304BB1DB
:10D66000012B05D0591C0FD0002142F820109847FB
:10D67000002038BD284600F051F8224601462846D1
:10D68000BDE8384000F034B816232B60012038BDC7
:10D6900016232B604FF0FF3038BD00BF6400002020
:10D6A00070B50C46084D03460026204611461C4620
:10D6B0002E60F3F755FF431C00D070BD2B68002B84
:10D6C000FBD0236070BD00BF1CDD002038B5074DC6
:10D6D0000022044608462A60F3F748FF431C00D0A6
:10D6E00038BD2B68002BFBD0236038BD1CDD00202B
:10D6F00070B50C46084D03460026204611461C46D0
:10D700002E60F3F7FFFE431C00D070BD2B68002B8A
:10D71000FBD0236070BD00BF1CDD0020F3F7F0BE1E
:10D72000F8B500BFF8BC08BC9E467047F8B500BF0E
:08D73000F8BC08BC9E467047DE
:10D738005468726F74746C654461746143616C6C95
:10D748006261636B212025640000000043414E2084
:10D758005468726F74746C652070657263656E745A
:10D768006167652072656365697665643A2025643A
:10D77800000000004576656E744461746143616C15
:10D788006C6261636B212025640000004576656E3C
:10D79800744461746143616C6C6261636B2C2072C8
:10D7A8006563656976656420636F64652025642018
:10D7B8007769746820737461747573202564000038
:10D7C8006D73672E646174614C656E67746820645C
:10D7D8006F6573206E6F74206D61746368206C6F61
:10D7E8006F6B7570207461626C652E202564202132
:10D7F8003D2025640000000049676E6F72696E67FE
:10D80800207468726F74746C6520696E7075742EFC
:10D818002E2E000047657474696E67205468726F15
:10D8280074746C65204572726F7220256400000064
:10D8380053657474696E67205468726F74746C658C
:10D84800204572726F7220256400000025732047FE
:10D858006F6F64205468726F74746C650000000008
:10D86800235346543A00000064656661756C74542D
:10D8780061736B0070D80008000000000000000011
:10D888000000000000000000000200001800000076
:10D898000000000000000000A0860100400D030009
:10D8A800801A060000350C0040420F0080841E00DC
:10D8B80000093D0000127A000024F40000366E01D1
:10D8C8000048E801006CDC020000000001020304CB
:10D8D8000000000000000000010203040607080918
:10D8E80025732069636F6D6D7300000025732053E5
:10D8F800656E64696E67205468726F74746C652015
:10D908004572726F7220436F6465202564210000A0
:10D9180025732053656E64696E67205468726F744E
:10D92800746C65204572726F7220436F64652120A4
:10D938005B526573756C74203D2025645D000000A2
:10D94800496E6372656D656E74000000496E74659A
:10D95800726E616C436F6D6D756E69636174696F2A
:10D968006E73000054D90008000000000000000099
:10D978000000000000000000000400003300000068
:10D988000000000000000000234943543A00000052
:10D99800257320496E697469616C697A696E6720BC
:10D9A8004D6F746F725461736B00000025732054BF
:10D9B80061726765742056656C6F63697479205B62
:10D9C80025642052504D5D002573204661696C65C1
:10D9D8006420746F20696E697469616C697A652066
:10D9E8006D6F746F722100002573204661696C6544
:10D9F8006420746F20726561642063757272656E4D
:10DA080074210000A8D900080000000000000000F0
:10DA180000000000000000000004000030000000CA
:10DA28000000000000000000234D4F543A000000A1
:10DA3800257320736166657479000000257320538F
:10DA48006166657479204572726F72205B25645D2A
:10DA58002C2020535049204572726F72205B256438
:10DA68005D2C2069436F6D6D73204572726F722053
:10DA78005B25645D0000000053616665747954613C
:10DA8800736B000080DA000800000000000000004E
:10DA98000000000000000000000200002800000054
:10DAA8000000000000000000235346543A00000024
:10DAB800535049204572726F7220746F202564009C
:10DAC800535049204275737920746F2025640000F3
:10DAD8005350492054696D656F757420746F202503
:10DAE80064000000436C656172656420436861727C
:10DAF80067652050756D70204661756C7400000074
:10DB080052656164205B253038785D004D6F746F15
:10DB18007220447269766572205B544D4336323008
:10DB2800305D207375636365737366756C792069FE
:10DB38006E697469616C697A656421004661696C13
:10DB4800656420746F20696E697469616C697A65AF
:10DB5800204D6F746F7220447269766572205B5431
:10DB68004D43363230305D004D6F746F7220436F15
:10DB78006E74726F6C6C6572205B544D433436372B
:10DB8800315D207375636365737366756C7920699D
:10DB98006E697469616C697A656421004661696CB3
:10DBA800656420746F20696E697469616C697A654F
:10DBB800204D6F746F7220436F6E74726F6C6C655A
:10DBC80072205B544D43343637315D004661696CD1
:10DBD800656420746F20696E697420656E636F6474
:10DBE800657200004D6F746F7220496E69746961C7
:10DBF8006C697A656421000057726974696E6720E0
:10DC080056656C6F63697479205461726765743AFC
:10DC1800202564004641554C54533A202530347829
:10DC28000000000049444C4500000000546D72514A
:10DC380000000000546D72205376630049474E4F30
:10DC480052494E472043414E2C204D45535341479E
:10DC5800452050524F4241424C5920434F52525551
:10DC68005054454400000000496E697469616C694C
:10DC78007A6564204D4350323531350053756363FE
:10DC8800656564656420746F20696E6974204D430E
:10DC9800500000004661696C656420746F20696EED
:10DCA8006974204D43500000000200008D0E0008EA
:10DCB80001040000150F000802040000190F0008F5
:10DCC80003020000BD0E000804020000110F000846
:10DCD800050400001D0F000806040000250F0008B9
:10DCE80007080000210F000808040000290F000899
:10DCF800090400002D0F000843414E3A20556E6B71
:10DD08006E6F776E206D6573736167652069642037
:10DD18005B25785D0000000043414E3A206D657335
:10DD280073616765206964205B25785D206861738D
:10DD380020696E636F7272656374206C656E6774B8
:10DD480068206F66205B25645D0000002349434D11
:10DD58003A204641494C454420544F20524554529C
:10DD6800494556452049434F4D4D53204D45535342
:10DD78004147452046524F4D20445249564552008E
:10DD8800494E4600696E66004E414E006E616E0057
:10DD98003031323334353637383961626364656619
:10DDA80000000000303132333435363738394142DB
:10DDB8004344454600000000286E756C6C2900003D
:10DDC80030000000303030303030303030303030DB
:10DDD80030303030202020202020202020202020FB
:10DDE800202020202E0000004C435F434F4C4C4124
:10DDF800544500004C435F4354595045000000000F
:10DE08004C435F4D4F4E4554415259004C435F4E71
:10DE1800554D4552494300004C435F54494D450018
:10DE28004C435F4D45535341474553000020202044
:10DE380020202020202028282828282020202020B2
:10DE48002020202020202020202020202088101082
:10DE580010101010101010101010101010040404DE
:10DE6800040404040404041010101010101041419C
:10DE7800414141410101010101010101010101018A
:10DE8800010101010101010110101010101042429E
:10DE9800424242420202020202020202020202025A
:10DEA80002020202020202021010101020000000FA
:10DEB800000000000000000000000000000000005A
:10DEC800000000000000000000000000000000004A
:10DED800000000000000000000000000000000003A
:10DEE800000000000000000000000000000000002A
:10DEF800000000000000000000000000000000001A
:10DF08000000000000000000000000000000000009
:10DF180000000000000000000000000000000000F9
:10DF280000000000000000000000000000000000E9
:10DF3800496E66696E697479000000004E614E0092
:10DF480042616C6C6F6320737563636565646564B7
:10DF5800000000002F566F6C756D65732F64617437
:10DF6800612F6A656E6B696E732F776F726B737052
:10DF78006163652F474E552D746F6F6C63686169D7
:10DF88006E2F61726D2D31322F7372632F6E65772C
:10DF98006C69622D63796777696E2F6E65776C6936
:10DFA800622F6C6962632F7374646C69622F647486
:10DFB8006F612E63000000002F566F6C756D6573DE
:10DFC8002F646174612F6A656E6B696E732F776F4A
:10DFD800726B73706163652F474E552D746F6F6C4C
:10DFE800636861696E2F61726D2D31322F737263B0
:10DFF8002F6E65776C69622D63796777696E2F6E0E
:10E0080065776C69622F6C6962632F7374646C69DD
:10E01800622F6D707265632E6300000005000000BA
:10E02800190000007D0000000080E03779C34143FB
:10E03800176E05B5B5B89346F5F93FE9034F384D66
:10E04800321D30F94877825A3CBF737FDD4F157512
:10E05800000000000000F03F000000000000244025
:10E0680000000000000059400000000000408F4000
:10E07800000000000088C34000000000006AF8406B
:10E088000000000080842E4100000000D01263418F
:10E098000000000084D797410000000065CDCD4105
:10E0A800000000205FA00242000000E876483742E6
:10E0B800000000A2941A6D42000040E59C30A24284
:10E0C8000000901EC4BCD64200003426F56B0C43F9
:10E0D8000080E03779C3414300A0D88557347643A0
:10E0E80000C84E676DC1AB43003D9160E458E14301
:10E0F800408CB5781DAF154450EFE2D6E41A4B4476
:10E1080092D54D06CFF08044F64AE1C7022DB544BA
:10E11800B49DD9794378EA442C2066756E63746996
:10E128006F6E3A2000000000617373657274696F46
:10E138006E2022257322206661696C65643A206628
:10E14800696C6520222573222C206C696E65202558
:10E1580064257325730A0000303030303030303099
:10E168003030303030303030202020202020202027
:08E1780020202020202020209F
:08E180007420FF7F0100000084
:08E1880025770008690E00086C
:04E19000410E000834
:10E1940000093D000800002000000000000000000D
:10E1A400000000001C00002006000000FFFFFFFF2D
:10E1B400B80B000064000000B80B00002C01000044
:10E1C400B80B0000B0040000B80B000060090000A8
:10E1D400B80B0000B80B0000B80B000001000000F1
:10E1E40010000000AAAAAAAA000000000300000070
:10E1F400E0DB00206800002000000000E0DB0020DD
:10E2040048DC0020B0DC002000000000000000001A
:10E2140000000000000000000000000000000000FA
:10E2240000000000000000000000000000000000EA
:10E2340000000000000000000000000000000000DA
:10E2440000000000000000000000000000000000CA
:10E2540000000000000000000000000000000000BA
:10E2640000000000000000000000000000000000AA
:10E27400000000000000000000000000000000009A
:10E28400000000000000000000000000000000008A
:10E2940001000000000000000E33CDAB34126DE627
:10E2A400ECDE05000B000000000000000000000090
:10E2B400000000000000000000000000000000005A
:10E2C400000000000000000000000000000000004A
:10E2D400000000000000000000000000000000003A
:10E2E400000000000000000000000000000000002A
:10E2F400000000000000000000000000000000001A
:10E304000000000000000000000000000000000009
:10E31400000000000000000024DD0020FFFFFFFFDC
:10E3240000000200000000000000000000000000E7
:10E334009801002098010020A0010020A0010020E5
:10E34400A8010020A8010020B0010020B001002095
:10E35400B8010020B8010020C0010020C001002045
:10E36400C8010020C8010020D0010020D0010020F5
:10E37400D8010020D8010020E0010020E0010020A5
:10E38400E8010020E8010020F0010020F001002055
:10E39400F8010020F8010020000200200002002003
:10E3A40008020020080200201002002010020020B1
:10E3B4001802002018020020200200202002002061
:10E3C4002802002028020020300200203002002011
:10E3D40038020020380200204002002040020020C1
:10E3E4004802002048020020500200205002002071
:10E3F4005802002058020020600200206002002021
:10E4040068020020680200207002002070020020D0
:10E414007802002078020020800200208002002080
:10E424008802002088020020900200209002002030
:10E434009802002098020020A0020020A0020020E0
:10E44400A8020020A8020020B0020020B002002090
:10E45400B8020020B8020020C0020020C002002040
:10E46400C8020020C8020020D0020020D0020020F0
:10E47400D8020020D8020020E0020020E0020020A0
:10E48400E8020020E8020020F0020020F002002050
:10E49400F8020020F80200200003002000030020FE
:10E4A40008030020080300201003002010030020AC
:10E4B400180300201803002020030020200300205C
:10E4C400280300202803002030030020300300200C
:10E4D40038030020380300204003002040030020BC
:10E4E400480300204803002050030020500300206C
:10E4F400580300205803002060030020600300201C
:10E5040068030020680300207003002070030020CB
:10E51400780300207803002080030020800300207B
:10E52400880300208803002090030020900300202B
:10E534009803002098030020A0030020A0030020DB
:10E54400A8030020A8030020B0030020B00300208B
:10E55400B8030020B8030020C0030020C00300203B
:10E56400C8030020C8030020D0030020D0030020EB
:10E57400D8030020D8030020E0030020E00300209B
:10E58400E8030020E8030020F0030020F00300204B
:10E59400F8030020F80300200004002000040020F9
:10E5A40008040020080400201004002010040020A7
:10E5B4001804002018040020200400202004002057
:10E5C4002804002028040020300400203004002007
:10E5D40038040020380400204004002040040020B7
:10E5E4004804002048040020500400205004002067
:10E5F4005804002058040020600400206004002017
:10E6040068040020680400207004002070040020C6
:10E614007804002078040020800400208004002076
:10E624008804002088040020900400209004002026
:10E634009804002098040020A0040020A0040020D6
:10E64400A8040020A8040020B0040020B004002086
:10E65400B8040020B8040020C0040020C004002036
:10E66400C8040020C8040020D0040020D0040020E6
:10E67400D8040020D8040020E0040020E004002096
:10E68400E8040020E8040020F0040020F004002046
:10E69400F8040020F80400200005002000050020F4
:10E6A40008050020080500201005002010050020A2
:10E6B4001805002018050020200500202005002052
:10E6C4002805002028050020300500203005002002
:10E6D40038050020380500204005002040050020B2
:10E6E4004805002048050020500500205005002062
:10E6F4005805002058050020600500206005002012
:10E7040068050020680500207005002070050020C1
:10E714007805002078050020800500208005002071
:10E724008805002088050020900500209005002021
:10E734004300000000000000000000000000000092
:10E7440000000000000000000000000000000000C5
:10E754004300000000000000000000000000000072
:10E7640000000000000000000000000000000000A5
:10E774004300000000000000000000000000000052
:10E784000000000000000000000000000000000085
:10E794004300000000000000000000000000000032
:10E7A4000000000000000000000000000000000065
:10E7B4004300000000000000000000000000000012
:10E7C4000000000000000000000000000000000045
:10E7D40043000000000000000000000000000000F2
:10E7E4000000000000000000000000000000000025
:10E7F40043000000000000000000000000000000D2
:10E804000000000000000000000000000000000004
:10E8140065BC000875B000080000000034DE000884
:10E82400ECDD00082CE100082CE100082CE10008D4
:10E834002CE100082CE100082CE100082CE1000880
:10E844002CE100082CE10008FFFFFFFFFFFFFFFFA2
:10E85400FFFFFFFFFFFF0000010041534349490050
:10E8640000000000000000000000000000000000A4
:10E87400000000000000000000004153434949002B
:10E884000000000000000000000000000000000084
:0CE8940000000000000000000000000078
:04000005080015CD0D
:00000001FF
